Var1	Var2	Var3	Var4	Var5	Var6	Var7	Var8	Var9	Var10	Var11	Var12	Var13	Var14	Var15	Var16	Var17	Var18	Var19	Var20	Var21	Var22	Var23	Var24	Var25	Var26	Var27	Var28	Var29	Var30	Var31	Var32	Var33	Var34	Var35	Var36	Var37	Var38	Var39	Var40	Var41	Var42	Var43	Var44	Var45	Var46	Var47	Var48	Var49	Var50	Var51	Var52	Var53	Var54	Var55	Var56	Var57	Var58	Var59	Var60	Var61	Var62	Var63	Var64	Var65	Var66	Var67	Var68	Var69	Var70	Var71	Var72	Var73	Var74	Var75	Var76	Var77	Var78	Var79	Var80	Var81	Var82	Var83	Var84	Var85	Var86	Var87	Var88	Var89	Var90	Var91	Var92	Var93	Var94	Var95	Var96	Var97	Var98	Var99	Var100	Var101	Var102	Var103	Var104	Var105	Var106	Var107	Var108	Var109	Var110	Var111	Var112	Var113	Var114	Var115	Var116	Var117	Var118	Var119	Var120	Var121	Var122	Var123	Var124	Var125	Var126	Var127	Var128	Var129	Var130	Var131	Var132	Var133	Var134	Var135	Var136	Var137	Var138	Var139
""	""	""	"1949骞�"	""	"1950骞�"	""	"1951骞�"	""	"1952骞�"	""	"1953骞�"	""	"1954骞�"	""	"1955骞�"	""	"1956骞�"	""	"1957骞�"	""	"1958骞�"	""	"1959骞�"	""	"1960骞�"	""	"1961骞�"	""	"1962骞�"	""	"1963骞�"	""	"1964骞�"	""	"1965骞�"	""	"1966骞�"	""	"1967骞�"	""	"1968骞�"	""	"1969骞�"	""	"1970骞�"	""	"1971骞�"	""	"1972骞�"	""	"1973骞�"	""	"1974骞�"	""	"1975骞�"	""	"1976骞�"	""	"1977骞�"	""	"1978骞�"	""	"1979骞�"	""	"1980骞�"	""	"1981骞�"	""	"1982骞�"	""	"1983骞�"	""	"1984骞�"	""	"1985骞�"	""	"1986骞�"	""	"1987骞�"	""	"1988骞�"	""	"1989骞�"	""	"1990骞�"	""	"1991骞�"	""	"1992骞�"	""	"1993骞�"	""	"1994骞�"	""	"1995骞�"	""	"1996骞�"	""	"1997骞�"	""	"1998骞�"	""	"1999骞�"	""	"2000骞�"	""	"2001骞�"	""	"2002骞�"	""	"2003骞�"	""	"2004骞�"	""	"2005骞�"	""	"2006骞�"	""	"2007骞�"	""	"2008骞�"	""	"2009骞�"	""	"2010骞�"	""	"2011骞�"	""	"2012骞�"	""	"2013骞�"	""	"2014骞�"	""	"2015骞�"	""	"2016骞�"	""
"鍦板尯"	"鎵€灞炵渷浠�"	"鎵€灞炲競"	"浜哄彛瀵嗗害锛堜汉/骞虫柟鍏噷锛�"	"鍩庡競浜哄彛瀵嗗害锛堜汉/骞虫柟鍏噷锛�"	"浜哄彛瀵嗗害锛堜汉/骞虫柟鍏噷锛�"	"鍩庡競浜哄彛瀵嗗害锛堜汉/骞虫柟鍏噷锛�"	"浜哄彛瀵嗗害锛堜汉/骞虫柟鍏噷锛�"	"鍩庡競浜哄彛瀵嗗害锛堜汉/骞虫柟鍏噷锛�"	"浜哄彛瀵嗗害锛堜汉/骞虫柟鍏噷锛�"	"鍩庡競浜哄彛瀵嗗害锛堜汉/骞虫柟鍏噷锛�"	"浜哄彛瀵嗗害锛堜汉/骞虫柟鍏噷锛�"	"鍩庡競浜哄彛瀵嗗害锛堜汉/骞虫柟鍏噷锛�"	"浜哄彛瀵嗗害锛堜汉/骞虫柟鍏噷锛�"	"鍩庡競浜哄彛瀵嗗害锛堜汉/骞虫柟鍏噷锛�"	"浜哄彛瀵嗗害锛堜汉/骞虫柟鍏噷锛�"	"鍩庡競浜哄彛瀵嗗害锛堜汉/骞虫柟鍏噷锛�"	"浜哄彛瀵嗗害锛堜汉/骞虫柟鍏噷锛�"	"鍩庡競浜哄彛瀵嗗害锛堜汉/骞虫柟鍏噷锛�"	"浜哄彛瀵嗗害锛堜汉/骞虫柟鍏噷锛�"	"鍩庡競浜哄彛瀵嗗害锛堜汉/骞虫柟鍏噷锛�"	"浜哄彛瀵嗗害锛堜汉/骞虫柟鍏噷锛�"	"鍩庡競浜哄彛瀵嗗害锛堜汉/骞虫柟鍏噷锛�"	"浜哄彛瀵嗗害锛堜汉/骞虫柟鍏噷锛�"	"鍩庡競浜哄彛瀵嗗害锛堜汉/骞虫柟鍏噷锛�"	"浜哄彛瀵嗗害锛堜汉/骞虫柟鍏噷锛�"	"鍩庡競浜哄彛瀵嗗害锛堜汉/骞虫柟鍏噷锛�"	"浜哄彛瀵嗗害锛堜汉/骞虫柟鍏噷锛�"	"鍩庡競浜哄彛瀵嗗害锛堜汉/骞虫柟鍏噷锛�"	"浜哄彛瀵嗗害锛堜汉/骞虫柟鍏噷锛�"	"鍩庡競浜哄彛瀵嗗害锛堜汉/骞虫柟鍏噷锛�"	"浜哄彛瀵嗗害锛堜汉/骞虫柟鍏噷锛�"	"鍩庡競浜哄彛瀵嗗害锛堜汉/骞虫柟鍏噷锛�"	"浜哄彛瀵嗗害锛堜汉/骞虫柟鍏噷锛�"	"鍩庡競浜哄彛瀵嗗害锛堜汉/骞虫柟鍏噷锛�"	"浜哄彛瀵嗗害锛堜汉/骞虫柟鍏噷锛�"	"鍩庡競浜哄彛瀵嗗害锛堜汉/骞虫柟鍏噷锛�"	"浜哄彛瀵嗗害锛堜汉/骞虫柟鍏噷锛�"	"鍩庡競浜哄彛瀵嗗害锛堜汉/骞虫柟鍏噷锛�"	"浜哄彛瀵嗗害锛堜汉/骞虫柟鍏噷锛�"	"鍩庡競浜哄彛瀵嗗害锛堜汉/骞虫柟鍏噷锛�"	"浜哄彛瀵嗗害锛堜汉/骞虫柟鍏噷锛�"	"鍩庡競浜哄彛瀵嗗害锛堜汉/骞虫柟鍏噷锛�"	"浜哄彛瀵嗗害锛堜汉/骞虫柟鍏噷锛�"	"鍩庡競浜哄彛瀵嗗害锛堜汉/骞虫柟鍏噷锛�"	"浜哄彛瀵嗗害锛堜汉/骞虫柟鍏噷锛�"	"鍩庡競浜哄彛瀵嗗害锛堜汉/骞虫柟鍏噷锛�"	"浜哄彛瀵嗗害锛堜汉/骞虫柟鍏噷锛�"	"鍩庡競浜哄彛瀵嗗害锛堜汉/骞虫柟鍏噷锛�"	"浜哄彛瀵嗗害锛堜汉/骞虫柟鍏噷锛�"	"鍩庡競浜哄彛瀵嗗害锛堜汉/骞虫柟鍏噷锛�"	"浜哄彛瀵嗗害锛堜汉/骞虫柟鍏噷锛�"	"鍩庡競浜哄彛瀵嗗害锛堜汉/骞虫柟鍏噷锛�"	"浜哄彛瀵嗗害锛堜汉/骞虫柟鍏噷锛�"	"鍩庡競浜哄彛瀵嗗害锛堜汉/骞虫柟鍏噷锛�"	"浜哄彛瀵嗗害锛堜汉/骞虫柟鍏噷锛�"	"鍩庡競浜哄彛瀵嗗害锛堜汉/骞虫柟鍏噷锛�"	"浜哄彛瀵嗗害锛堜汉/骞虫柟鍏噷锛�"	"鍩庡競浜哄彛瀵嗗害锛堜汉/骞虫柟鍏噷锛�"	"浜哄彛瀵嗗害锛堜汉/骞虫柟鍏噷锛�"	"鍩庡競浜哄彛瀵嗗害锛堜汉/骞虫柟鍏噷锛�"	"浜哄彛瀵嗗害锛堜汉/骞虫柟鍏噷锛�"	"鍩庡競浜哄彛瀵嗗害锛堜汉/骞虫柟鍏噷锛�"	"浜哄彛瀵嗗害锛堜汉/骞虫柟鍏噷锛�"	"鍩庡競浜哄彛瀵嗗害锛堜汉/骞虫柟鍏噷锛�"	"浜哄彛瀵嗗害锛堜汉/骞虫柟鍏噷锛�"	"鍩庡競浜哄彛瀵嗗害锛堜汉/骞虫柟鍏噷锛�"	"浜哄彛瀵嗗害锛堜汉/骞虫柟鍏噷锛�"	"鍩庡競浜哄彛瀵嗗害锛堜汉/骞虫柟鍏噷锛�"	"浜哄彛瀵嗗害锛堜汉/骞虫柟鍏噷锛�"	"鍩庡競浜哄彛瀵嗗害锛堜汉/骞虫柟鍏噷锛�"	"浜哄彛瀵嗗害锛堜汉/骞虫柟鍏噷锛�"	"鍩庡競浜哄彛瀵嗗害锛堜汉/骞虫柟鍏噷锛�"	"浜哄彛瀵嗗害锛堜汉/骞虫柟鍏噷锛�"	"鍩庡競浜哄彛瀵嗗害锛堜汉/骞虫柟鍏噷锛�"	"浜哄彛瀵嗗害锛堜汉/骞虫柟鍏噷锛�"	"鍩庡競浜哄彛瀵嗗害锛堜汉/骞虫柟鍏噷锛�"	"浜哄彛瀵嗗害锛堜汉/骞虫柟鍏噷锛�"	"鍩庡競浜哄彛瀵嗗害锛堜汉/骞虫柟鍏噷锛�"	"浜哄彛瀵嗗害锛堜汉/骞虫柟鍏噷锛�"	"鍩庡競浜哄彛瀵嗗害锛堜汉/骞虫柟鍏噷锛�"	"浜哄彛瀵嗗害锛堜汉/骞虫柟鍏噷锛�"	"鍩庡競浜哄彛瀵嗗害锛堜汉/骞虫柟鍏噷锛�"	"浜哄彛瀵嗗害锛堜汉/骞虫柟鍏噷锛�"	"鍩庡競浜哄彛瀵嗗害锛堜汉/骞虫柟鍏噷锛�"	"浜哄彛瀵嗗害锛堜汉/骞虫柟鍏噷锛�"	"鍩庡競浜哄彛瀵嗗害锛堜汉/骞虫柟鍏噷锛�"	"浜哄彛瀵嗗害锛堜汉/骞虫柟鍏噷锛�"	"鍩庡競浜哄彛瀵嗗害锛堜汉/骞虫柟鍏噷锛�"	"浜哄彛瀵嗗害锛堜汉/骞虫柟鍏噷锛�"	"鍩庡競浜哄彛瀵嗗害锛堜汉/骞虫柟鍏噷锛�"	"浜哄彛瀵嗗害锛堜汉/骞虫柟鍏噷锛�"	"鍩庡競浜哄彛瀵嗗害锛堜汉/骞虫柟鍏噷锛�"	"浜哄彛瀵嗗害锛堜汉/骞虫柟鍏噷锛�"	"鍩庡競浜哄彛瀵嗗害锛堜汉/骞虫柟鍏噷锛�"	"浜哄彛瀵嗗害锛堜汉/骞虫柟鍏噷锛�"	"鍩庡競浜哄彛瀵嗗害锛堜汉/骞虫柟鍏噷锛�"	"浜哄彛瀵嗗害锛堜汉/骞虫柟鍏噷锛�"	"鍩庡競浜哄彛瀵嗗害锛堜汉/骞虫柟鍏噷锛�"	"浜哄彛瀵嗗害锛堜汉/骞虫柟鍏噷锛�"	"鍩庡競浜哄彛瀵嗗害锛堜汉/骞虫柟鍏噷锛�"	"浜哄彛瀵嗗害锛堜汉/骞虫柟鍏噷锛�"	"鍩庡競浜哄彛瀵嗗害锛堜汉/骞虫柟鍏噷锛�"	"浜哄彛瀵嗗害锛堜汉/骞虫柟鍏噷锛�"	"鍩庡競浜哄彛瀵嗗害锛堜汉/骞虫柟鍏噷锛�"	"浜哄彛瀵嗗害锛堜汉/骞虫柟鍏噷锛�"	"鍩庡競浜哄彛瀵嗗害锛堜汉/骞虫柟鍏噷锛�"	"浜哄彛瀵嗗害锛堜汉/骞虫柟鍏噷锛�"	"鍩庡競浜哄彛瀵嗗害锛堜汉/骞虫柟鍏噷锛�"	"浜哄彛瀵嗗害锛堜汉/骞虫柟鍏噷锛�"	"鍩庡競浜哄彛瀵嗗害锛堜汉/骞虫柟鍏噷锛�"	"浜哄彛瀵嗗害锛堜汉/骞虫柟鍏噷锛�"	"鍩庡競浜哄彛瀵嗗害锛堜汉/骞虫柟鍏噷锛�"	"浜哄彛瀵嗗害锛堜汉/骞虫柟鍏噷锛�"	"鍩庡競浜哄彛瀵嗗害锛堜汉/骞虫柟鍏噷锛�"	"浜哄彛瀵嗗害锛堜汉/骞虫柟鍏噷锛�"	"鍩庡競浜哄彛瀵嗗害锛堜汉/骞虫柟鍏噷锛�"	"浜哄彛瀵嗗害锛堜汉/骞虫柟鍏噷锛�"	"鍩庡競浜哄彛瀵嗗害锛堜汉/骞虫柟鍏噷锛�"	"浜哄彛瀵嗗害锛堜汉/骞虫柟鍏噷锛�"	"鍩庡競浜哄彛瀵嗗害锛堜汉/骞虫柟鍏噷锛�"	"浜哄彛瀵嗗害锛堜汉/骞虫柟鍏噷锛�"	"鍩庡競浜哄彛瀵嗗害锛堜汉/骞虫柟鍏噷锛�"	"浜哄彛瀵嗗害锛堜汉/骞虫柟鍏噷锛�"	"鍩庡競浜哄彛瀵嗗害锛堜汉/骞虫柟鍏噷锛�"	"浜哄彛瀵嗗害锛堜汉/骞虫柟鍏噷锛�"	"鍩庡競浜哄彛瀵嗗害锛堜汉/骞虫柟鍏噷锛�"	"浜哄彛瀵嗗害锛堜汉/骞虫柟鍏噷锛�"	"鍩庡競浜哄彛瀵嗗害锛堜汉/骞虫柟鍏噷锛�"	"浜哄彛瀵嗗害锛堜汉/骞虫柟鍏噷锛�"	"鍩庡競浜哄彛瀵嗗害锛堜汉/骞虫柟鍏噷锛�"	"浜哄彛瀵嗗害锛堜汉/骞虫柟鍏噷锛�"	"鍩庡競浜哄彛瀵嗗害锛堜汉/骞虫柟鍏噷锛�"	"浜哄彛瀵嗗害锛堜汉/骞虫柟鍏噷锛�"	"鍩庡競浜哄彛瀵嗗害锛堜汉/骞虫柟鍏噷锛�"	"浜哄彛瀵嗗害锛堜汉/骞虫柟鍏噷锛�"	"鍩庡競浜哄彛瀵嗗害锛堜汉/骞虫柟鍏噷锛�"	"浜哄彛瀵嗗害锛堜汉/骞虫柟鍏噷锛�"	"鍩庡競浜哄彛瀵嗗害锛堜汉/骞虫柟鍏噷锛�"
"鐭冲搴勫競"	"娌冲寳鐪�"	"鐭冲搴勫競"	""	""	""	""	""	""	""	""	""	""	""	""	""	""	""	""	""	""	""	""	""	""	""	""	""	""	""	""	""	""	""	""	""	""	""	""	""	""	""	""	""	""	""	""	""	""	""	""	""	""	""	""	""	""	""	""	""	""	""	""	""	""	""	""	""	""	""	""	""	""	"775"	""	"773"	""	"788"	""	"806"	""	"823"	""	"845"	""	"871"	""	"880"	""	"891"	""	"522"	""	"525"	""	"534"	""	"539"	""	"543"	""	"547"	""	"554"	""	"561"	""	"565"	""	"570"	""	"574.53"	""	"578.97"	""	"585.12"	""	"592.82"	"10636"	"602.63"	"10831"	"609.84"	"11005"	"616.74"	"11880"	"641"	"11540"	"629.28"	"8128"	"634.36"	"8210"	"632.98"	"8220"	"781.85"	"5431"	"788.14"	"5439"	""	""
"鍞愬北甯�"	"娌冲寳鐪�"	"鍞愬北甯�"	""	""	""	""	""	""	""	""	""	""	""	""	""	""	""	""	""	""	""	""	""	""	""	""	""	""	""	""	""	""	""	""	""	""	""	""	""	""	""	""	""	""	""	""	""	""	""	""	""	""	""	""	""	""	""	""	""	""	""	""	""	""	""	""	""	""	""	""	""	""	"448"	""	"452"	""	"457"	""	"463"	""	"470"	""	"478"	""	"488"	""	"492"	""	"496"	""	"499"	""	"500"	""	"504"	""	"508"	""	"511"	""	"512"	""	"515"	""	"519"	""	"520"	""	"522"	""	"524.26"	""	"527.07"	""	"530.37"	""	"533.79"	"1598"	"537.9"	"1573"	"541.43"	"1602"	"544.76"	"1602"	"545.58"	"1602"	"547.11"	"1602"	"550.6"	"1605"	"537.57"	"1605"	"559.06"	"1605"	"560.42"	"1607"	""	""
"绉︾殗宀涘競"	"娌冲寳鐪�"	"绉︾殗宀涘競"	""	""	""	""	""	""	""	""	""	""	""	""	""	""	""	""	""	""	""	""	""	""	""	""	""	""	""	""	""	""	""	""	""	""	""	""	""	""	""	""	""	""	""	""	""	""	""	""	""	""	""	""	""	""	""	""	""	""	""	""	""	""	""	""	""	""	""	""	""	""	"300"	""	"303"	""	"307"	""	"313"	""	"318"	""	"323"	""	"328"	""	"331"	""	"335"	""	"339"	""	"340"	""	"346"	""	"347"	""	"348"	""	"337"	""	"353"	""	"341"	""	"355"	""	"346"	""	"363.27"	""	"366.64"	""	"370.38"	""	"372.91"	"2378"	"376.59"	"2434"	"379.97"	"2472"	"381.82"	"2559"	"383.22"	"2481"	"371.43"	"2601"	"373.26"	"2626"	"375.19"	"2650"	"378.17"	"2722"	"379.39"	"4355"	""	""
"閭兏甯�"	"娌冲寳鐪�"	"閭兏甯�"	""	""	""	""	""	""	""	""	""	""	""	""	""	""	""	""	""	""	""	""	""	""	""	""	""	""	""	""	""	""	""	""	""	""	""	""	""	""	""	""	""	""	""	""	""	""	""	""	""	""	""	""	""	""	""	""	""	""	""	""	""	""	"506"	""	""	""	""	""	""	""	"1290"	""	"1304"	""	"674"	""	"688"	""	"706"	""	"720"	""	"625"	""	"762"	""	"771"	""	"648"	""	"651"	""	"659"	""	"663"	""	"670"	""	"676"	""	"681"	""	"695"	""	"700"	""	"705"	""	"710.57"	""	"715.76"	""	"722.46"	""	"732.98"	"3465"	"743.13"	"3516"	"769.42"	"3379"	"781.6"	"3396"	"798.79"	"3510"	"812.43"	"3526"	"823.09"	"3745"	"823.89"	"3950"	"853.28"	"4496"	"870.29"	"4207"	""	""
"閭㈠彴甯�"	"娌冲寳鐪�"	"閭㈠彴甯�"	""	""	""	""	""	""	""	""	""	""	""	""	""	""	""	""	""	""	""	""	""	""	""	""	""	""	""	""	""	""	""	""	""	""	""	""	""	""	""	""	""	""	""	""	""	""	""	""	""	""	""	""	""	""	""	""	""	""	""	""	""	""	""	""	""	""	""	""	""	""	"2598"	""	"2658"	""	"356"	""	"364"	""	"379"	""	"386"	""	"394"	""	"401"	""	"412"	""	"498"	""	"501"	""	"507"	""	"508"	""	"512"	""	"518"	""	"522"	""	"528"	""	"530"	""	"532"	""	"534.55"	""	"538.18"	""	"540.67"	""	"547.25"	"5220"	"556.37"	"5761"	"568.09"	"5492"	"575.55"	"5608"	"586.28"	"5566"	"592.7"	"6173"	"601.42"	"7818"	"613.58"	"7988"	"621.64"	"8167"	"627.36"	"8209"	""	""
"淇濆畾甯�"	"娌冲寳鐪�"	"淇濆畾甯�"	""	""	""	""	""	""	""	""	""	""	""	""	""	""	""	""	""	""	""	""	""	""	""	""	""	""	""	""	""	""	""	""	""	""	""	""	""	""	""	""	""	""	""	""	""	""	""	""	""	""	""	""	""	""	""	""	""	""	""	""	""	""	""	""	""	""	""	""	""	""	"1063"	""	"1083"	""	"838"	""	"870"	""	"887"	""	"902"	""	"928"	""	"940"	""	"943"	""	"962"	""	"967"	""	"462"	""	"465"	""	"468"	""	"472"	""	"510"	""	"478"	""	"514"	""	"484"	""	"523.21"	""	"528.7"	""	"530.59"	""	"537.35"	"3538"	"545.78"	"3608"	"554.67"	"3619"	"561.25"	"3926"	"564.04"	"3604"	"523.2"	"3681"	"528.33"	"3879"	"556.89"	"3752"	"539.37"	"4547"	"541.81"	"4565"	""	""
"寮犲鍙ｅ競"	"娌冲寳鐪�"	"寮犲鍙ｅ競"	""	""	""	""	""	""	""	""	""	""	""	""	""	""	""	""	""	""	""	""	""	""	""	""	""	""	""	""	""	""	""	""	""	""	""	""	""	""	""	""	""	""	""	""	""	""	""	""	""	""	""	""	""	""	""	""	""	""	""	""	""	""	""	""	""	""	""	""	""	""	"306"	""	"313"	""	"314"	""	"319"	""	"325"	""	"333"	""	"336"	""	"341"	""	"349"	""	"117"	""	"117"	""	"118"	""	"119"	""	"119"	""	"120"	""	"120"	""	"122"	""	"122"	""	"122"	""	"122.15"	""	"121.99"	""	"122.12"	""	"123.02"	"2145"	"123.99"	"2193"	"124.66"	"2211"	"125.38"	"2227"	"126.37"	"2280"	"126.76"	"2296"	"127.03"	"2307"	"126.61"	"2328"	"127.07"	"2339"	"127.46"	"2379"	""	""
"鎵垮痉甯�"	"娌冲寳鐪�"	"鎵垮痉甯�"	""	""	""	""	""	""	""	""	""	""	""	""	""	""	""	""	""	""	""	""	""	""	""	""	""	""	""	""	""	""	""	""	""	""	""	""	""	""	""	""	""	""	""	""	""	""	""	""	""	""	""	""	""	""	""	""	""	""	""	""	""	""	""	""	""	""	""	""	""	""	"175"	""	"177"	""	"180"	""	"182"	""	"184"	""	"186"	""	"188"	""	"189"	""	"190"	""	"86"	""	"87"	""	"87"	""	"88"	""	"88"	""	"89"	""	"89"	""	"90"	""	"90"	""	"91"	""	"90.79"	""	"91.24"	""	"91.35"	""	"91.97"	"1121"	"92.77"	"888"	"93.4"	"954"	"94.04"	"660"	"94.31"	"701"	"94.65"	"690"	"95.31"	"702"	"95.17"	"744"	"96.41"	"771"	"96.73"	"792"	""	""
"娌у窞甯�"	"娌冲寳鐪�"	"娌у窞甯�"	""	""	""	""	""	""	""	""	""	""	""	""	""	""	""	""	""	""	""	""	""	""	""	""	""	""	""	""	""	""	""	""	""	""	""	""	""	""	""	""	""	""	""	""	""	""	""	""	""	""	""	""	""	""	""	""	""	""	""	""	""	""	""	""	""	""	""	""	""	""	"494"	""	"501"	""	"446"	""	"453"	""	"461"	""	"470"	""	"489"	""	"494"	""	"501"	""	"447"	""	"449"	""	"455"	""	"457"	""	"461"	""	"465"	""	"469"	""	"471"	""	"478"	""	"477"	""	"484"	""	"483.43"	""	"487.26"	""	"491.6"	"2786"	"498.26"	"2788"	"505.3"	"2949"	"510.57"	"3015"	"520.1"	"3170"	"522.89"	"3352"	"529.68"	"3352"	"536.77"	"2991"	"547.47"	"3077"	"551.48"	"3169"	""	""
"寤婂潑甯�"	"娌冲寳鐪�"	"寤婂潑甯�"	""	""	""	""	""	""	""	""	""	""	""	""	""	""	""	""	""	""	""	""	""	""	""	""	""	""	""	""	""	""	""	""	""	""	""	""	""	""	""	""	""	""	""	""	""	""	""	""	""	""	""	""	""	""	""	""	""	""	""	""	""	""	""	""	""	""	""	""	""	""	"530"	""	"544"	""	"554"	""	"567"	""	"578"	""	"504"	""	"527"	""	"534"	""	"541"	""	"548"	""	"552"	""	"561"	""	"565"	""	"572"	""	"578"	""	"586"	""	"589"	""	"594"	""	"597"	""	"602.33"	""	"606.35"	""	"609.07"	""	"615.49"	"1671"	"625.07"	"1582"	"635.06"	"1629"	"642.91"	"1751"	"651.77"	"1774"	"660.94"	"1781"	"673.85"	"1788"	"661.83"	"1798"	"705.75"	"1822"	"722.34"	"1849"	""	""
"琛℃按甯�"	"娌冲寳鐪�"	"琛℃按甯�"	""	""	""	""	""	""	""	""	""	""	""	""	""	""	""	""	""	""	""	""	""	""	""	""	""	""	""	""	""	""	""	""	""	""	""	""	""	""	""	""	""	""	""	""	""	""	""	""	""	""	""	""	""	""	""	""	""	""	""	""	""	""	""	""	""	""	""	""	""	""	"468"	""	"479"	""	"488"	""	"503"	""	"517"	""	"540"	""	"557"	""	"571"	""	"587"	""	"593"	""	"604"	""	"655"	""	"462"	""	"465"	""	"468"	""	"471"	""	"467"	""	"466"	""	"466"	""	"468.92"	""	"469.96"	""	"473.77"	""	"479.4"	"1353"	"484.61"	"1366"	"490.65"	"1350"	"494.92"	"1351"	"499.38"	"1368"	"499.69"	"1397"	"500.67"	"1322"	"507.08"	"1339"	"513.4"	"1348"	"512.76"	"1348"	""	""
"澶師甯�"	"灞辫タ鐪�"	"澶師甯�"	""	""	""	""	""	""	""	""	""	""	""	""	""	""	""	""	""	""	""	""	""	""	""	""	""	""	""	""	""	""	""	""	""	""	""	""	""	""	""	""	""	""	""	""	""	""	""	""	""	""	""	""	""	""	""	""	""	""	""	""	""	""	""	""	""	""	""	""	""	""	"329"	""	"336"	""	"343"	""	"350"	""	"355"	""	"363"	""	"374"	""	"378"	""	"382"	""	"388"	""	"392"	""	"405"	""	"411"	""	"420"	""	"423"	""	"429"	""	"442"	""	"451"	""	"461"	""	"468.52"	""	"475.01"	""	"487.11"	""	"499.17"	"1926"	"510.28"	"2645"	"515.42"	"2670"	"524.37"	"2704"	"601"	"2123"	"523.18"	"2207"	"524.35"	"2276"	"526.66"	"3400"	"529.11"	"3500"	"525.19"	"3600"	""	""
"澶у悓甯�"	"灞辫タ鐪�"	"澶у悓甯�"	""	""	""	""	""	""	""	""	""	""	""	""	""	""	""	""	""	""	""	""	""	""	""	""	""	""	""	""	""	""	""	""	""	""	""	""	""	""	""	""	""	""	""	""	""	""	""	""	""	""	""	""	""	""	""	""	""	""	""	""	""	""	""	""	""	""	""	""	""	""	"472"	""	"481"	""	"491"	""	"499"	""	"512"	""	"525"	""	"534"	""	"541"	""	"545"	""	"182"	""	"183"	""	"186"	""	"188"	""	"191"	""	"193"	""	"197"	""	"201"	""	"204"	""	"207"	""	"209.47"	""	"212.36"	""	"212"	""	"216.5"	"13134"	"219.03"	"12878"	"220.85"	"12968"	"223.4"	"11731"	"224.75"	"9839"	"225.72"	"9704"	"226.06"	"9816"	"238.9"	"9953"	"239.27"	"9614"	"222.91"	"9492"	""	""
"闃虫硥甯�"	"灞辫タ鐪�"	"闃虫硥甯�"	""	""	""	""	""	""	""	""	""	""	""	""	""	""	""	""	""	""	""	""	""	""	""	""	""	""	""	""	""	""	""	""	""	""	""	""	""	""	""	""	""	""	""	""	""	""	""	""	""	""	""	""	""	""	""	""	""	""	""	""	""	""	""	""	""	""	""	""	""	""	"233"	""	"235"	""	"244"	""	"247"	""	"250"	""	"254"	""	"258"	""	"260"	""	"263"	""	"265"	""	"266"	""	"269"	""	"272"	""	"275"	""	"269"	""	"274"	""	"272"	""	"273"	""	"274"	""	"275.01"	""	"276.41"	""	"275.45"	""	"278.36"	"12184"	"280.61"	"12411"	"283.02"	"10630"	"285.05"	"11101"	"286.17"	"11386"	"287.61"	"11116"	"289.06"	"11092"	"290.46"	"11000"	"291.42"	"10885"	"288.84"	"10901"	""	""
"闀挎不甯�"	"灞辫タ鐪�"	"闀挎不甯�"	""	""	""	""	""	""	""	""	""	""	""	""	""	""	""	""	""	""	""	""	""	""	""	""	""	""	""	""	""	""	""	""	""	""	""	""	""	""	""	""	""	""	""	""	""	""	""	""	""	""	""	""	""	""	""	""	""	""	""	""	""	""	""	""	""	""	""	""	""	""	"627"	""	"195"	""	"197"	""	"198"	""	"201"	""	"204"	""	"207"	""	"209"	""	"211"	""	"214"	""	"215"	""	"217"	""	"219"	""	"220"	""	"221"	""	"226"	""	"225"	""	"228"	""	"229"	""	"227.96"	""	"228.98"	""	"227.71"	""	"230.35"	"2117"	"233.02"	"2233"	"236"	"2234"	"237.21"	"2278"	"238.59"	"9297"	"240.57"	"9440"	"241.85"	"9906"	"243.66"	"9835"	"244.08"	"9822"	"242.52"	"9701"	""	""
"鏅嬪煄甯�"	"灞辫タ鐪�"	"鏅嬪煄甯�"	""	""	""	""	""	""	""	""	""	""	""	""	""	""	""	""	""	""	""	""	""	""	""	""	""	""	""	""	""	""	""	""	""	""	""	""	""	""	""	""	""	""	""	""	""	""	""	""	""	""	""	""	""	""	""	""	""	""	""	""	""	""	""	""	""	""	""	""	""	""	"281"	""	"192"	""	"192"	""	"194"	""	"196"	""	"199"	""	"202"	""	"205"	""	"208"	""	"210"	""	"211"	""	"215"	""	"213"	""	"218"	""	"220"	""	"226"	""	"221"	""	"222"	""	"223"	""	"223.21"	""	"223.6"	""	"223.25"	""	"235.06"	"2199"	"235.99"	"2177"	"235.21"	"2245"	"229.74"	"2245"	"229.42"	"2245"	"230.75"	"2746"	"231.55"	"2763"	"232.69"	"2875"	"232.28"	"3092"	"232.36"	"3158"	""	""
"鏈斿窞甯�"	"灞辫タ鐪�"	"鏈斿窞甯�"	""	""	""	""	""	""	""	""	""	""	""	""	""	""	""	""	""	""	""	""	""	""	""	""	""	""	""	""	""	""	""	""	""	""	""	""	""	""	""	""	""	""	""	""	""	""	""	""	""	""	""	""	""	""	""	""	""	""	""	""	""	""	""	""	""	""	""	""	""	""	""	""	""	""	""	""	""	""	"108"	""	"110"	""	"111"	""	"113"	""	"115"	""	"118"	""	"120"	""	"123"	""	"124"	""	"125"	""	"126"	""	"127"	""	"131"	""	"132"	""	"133"	""	"133.63"	""	"135.34"	""	"137.14"	""	"140.12"	"1884"	"138.17"	"1922"	"140.22"	"1915"	"142.21"	"1946"	"143.75"	"2041"	"161.66"	"2453"	"162.54"	"2476"	"163.41"	"2478"	"164.32"	"2490"	"152.47"	"2490"	""	""
"鏅嬩腑甯�"	"灞辫タ鐪�"	"鏅嬩腑甯�"	""	""	""	""	""	""	""	""	""	""	""	""	""	""	""	""	""	""	""	""	""	""	""	""	""	""	""	""	""	""	""	""	""	""	""	""	""	""	""	""	""	""	""	""	""	""	""	""	""	""	""	""	""	""	""	""	""	""	""	""	""	""	""	""	""	""	""	""	""	""	""	""	""	""	""	""	""	""	""	""	""	""	""	""	""	""	""	""	""	""	""	""	""	""	""	""	""	""	""	""	""	""	"184"	""	"185"	""	"185"	""	"185.77"	""	"186.61"	""	"186.92"	""	"188.98"	"2398"	"191.34"	"7326"	"193.79"	"7472"	"195.07"	"7596"	"195.8"	"7596"	"197.22"	"8596"	"198.27"	"8818"	"201.62"	"8979"	"201.62"	"6995"	"201.32"	"6953"	""	""
"杩愬煄甯�"	"灞辫タ鐪�"	"杩愬煄甯�"	""	""	""	""	""	""	""	""	""	""	""	""	""	""	""	""	""	""	""	""	""	""	""	""	""	""	""	""	""	""	""	""	""	""	""	""	""	""	""	""	""	""	""	""	""	""	""	""	""	""	""	""	""	""	""	""	""	""	""	""	""	""	""	""	""	""	""	""	""	""	"346"	""	"352"	""	"357"	""	"365"	""	"374"	""	"384"	""	"398"	""	"403"	""	"410"	""	"416"	""	"420"	""	"431"	""	"438"	""	""	""	""	""	""	""	"226"	""	"347"	""	"228"	""	"228.43"	""	"351.85"	""	"349.89"	""	"353.19"	"8989"	"356.07"	"9171"	"352.16"	"9171"	"355.14"	"9404"	"355.18"	"9663"	"364.35"	"9663"	"366.31"	"9663"	"368.37"	"7679"	"370.38"	"7679"	"359.59"	"7679"	""	""
"蹇诲窞甯�"	"灞辫タ鐪�"	"蹇诲窞甯�"	""	""	""	""	""	""	""	""	""	""	""	""	""	""	""	""	""	""	""	""	""	""	""	""	""	""	""	""	""	""	""	""	""	""	""	""	""	""	""	""	""	""	""	""	""	""	""	""	""	""	""	""	""	""	""	""	""	""	""	""	""	""	""	""	""	""	""	""	""	""	"202"	""	"204"	""	"205"	""	"207"	""	"211"	""	"215"	""	"221"	""	"224"	""	"227"	""	"229"	""	"231"	""	"232"	""	"236"	""	""	""	""	""	""	""	"114"	""	"116"	""	"115"	""	"115.66"	""	"118.73"	""	"119.16"	""	"119.37"	"1211"	"119.37"	"1237"	"120.74"	"1205"	"122.19"	"1210"	"122.45"	"1475"	"123.47"	"1492"	"123.43"	"1531"	"124"	"1547"	"124.24"	"1591"	"122.06"	"1638"	""	""
"涓存本甯�"	"灞辫タ鐪�"	"涓存本甯�"	""	""	""	""	""	""	""	""	""	""	""	""	""	""	""	""	""	""	""	""	""	""	""	""	""	""	""	""	""	""	""	""	""	""	""	""	""	""	""	""	""	""	""	""	""	""	""	""	""	""	""	""	""	""	""	""	""	""	""	""	""	""	""	""	""	""	""	""	""	""	"400"	""	"407"	""	"417"	""	"422"	""	"431"	""	"440"	""	"449"	""	"457"	""	"464"	""	"472"	""	"475"	""	"484"	""	"500"	""	""	""	""	""	""	""	"198"	""	"200"	""	"202"	""	"202.91"	""	"204.73"	""	"203.36"	""	"205.65"	"13797"	"210.56"	"11471"	"213.03"	"11471"	"215.56"	"10037"	"215.69"	"10098"	"217.07"	"10158"	"209.72"	"7717"	"210.71"	"8063"	"211.58"	"9667"	"212.58"	"10283"	""	""
"鍚曟甯�"	"灞辫タ鐪�"	"鍚曟鍦板尯"	""	""	""	""	""	""	""	""	""	""	""	""	""	""	""	""	""	""	""	""	""	""	""	""	""	""	""	""	""	""	""	""	""	""	""	""	""	""	""	""	""	""	""	""	""	""	""	""	""	""	""	""	""	""	""	""	""	""	""	""	""	""	""	""	""	""	""	""	""	""	""	""	""	""	""	""	""	""	""	""	""	""	""	""	""	""	""	""	""	""	""	""	""	""	""	""	""	""	""	""	"159"	""	""	""	"163"	""	""	""	"165.78"	""	"167"	""	"168.46"	""	"171.53"	"8506"	"174.25"	"8785"	"177.31"	"9036"	"179.42"	"9143"	"180.55"	"9235"	"183.25"	"10717"	"185.38"	"10717"	"185.45"	"10717"	"183.96"	"10757"	"182.21"	"5378"	""	""
"鍛煎拰娴╃壒甯�"	"鍐呰挋鍙よ嚜娌诲尯"	"鍛煎拰娴╃壒甯�"	""	""	""	""	""	""	""	""	""	""	""	""	""	""	""	""	""	""	""	""	""	""	""	""	""	""	""	""	""	""	""	""	""	""	""	""	""	""	""	""	""	""	""	""	""	""	""	""	""	""	""	""	""	""	""	""	""	""	""	""	""	""	""	""	""	""	""	""	""	""	"205"	""	"208"	""	"212"	""	"215"	""	"219"	""	"224"	""	"228"	""	"176"	""	"231"	""	"234"	""	"236"	""	"144"	""	"115"	""	"116"	""	"119"	""	"121"	""	"121"	""	"123"	""	"124"	""	"124.18"	"534"	"124.65"	"534"	"123.95"	"534"	"125.3"	"630"	"128.22"	"649"	"130.23"	"663"	"132.01"	"5122"	"133.28"	"5936"	"133.08"	"6084"	"134"	"7131"	"136"	"5895"	"139"	"7115"	"139.07"	"7096"	"140"	""
"鍖呭ご甯�"	"鍐呰挋鍙よ嚜娌诲尯"	"鍖呭ご甯�"	""	""	""	""	""	""	""	""	""	""	""	""	""	""	""	""	""	""	""	""	""	""	""	""	""	""	""	""	""	""	""	""	""	""	""	""	""	""	""	""	""	""	""	""	""	""	""	""	""	""	""	""	""	""	""	""	""	""	""	""	""	""	""	""	""	""	""	""	""	""	"158"	""	"162"	""	"165"	""	"167"	""	"170"	""	"172"	""	"175"	""	"124"	""	"177"	""	"179"	""	"180"	""	"178"	""	"71"	""	"72"	""	"73"	""	"73"	""	"74"	"529"	"74"	"536"	"75"	"7773"	"85.76"	"7885"	"75.71"	"7967"	"75.38"	""	"76.49"	"630"	"77.28"	"649"	"78.42"	"656"	"79.08"	"1954"	"79.16"	"1977"	"79.86"	"1977"	"80.47"	"1989"	"81.04"	"2000"	"80.56"	"2079"	"80.67"	"2130"	""	""
"涔屾捣甯�"	"鍐呰挋鍙よ嚜娌诲尯"	"涔屾捣甯�"	""	""	""	""	""	""	""	""	""	""	""	""	""	""	""	""	""	""	""	""	""	""	""	""	""	""	""	""	""	""	""	""	""	""	""	""	""	""	""	""	""	""	""	""	""	""	""	""	""	""	""	""	""	""	""	""	""	""	""	""	""	""	""	""	""	""	""	""	""	""	"110"	""	"113"	""	"112"	""	"114"	""	"118"	""	"122"	""	"123"	""	"46"	""	"125"	""	"133"	""	"135"	""	"144"	""	"149"	""	"227"	""	"232"	""	"241"	""	"236"	""	"241"	""	"245"	""	"237.17"	""	"240.76"	""	"245.78"	""	"247.15"	"262"	"271.95"	"248"	"275.2"	"251"	"274"	"293"	"302.17"	"313"	"308.67"	"309"	"312.66"	"311"	"315.34"	"364"	"315.96"	"1995"	"263.63"	"8347"	""	""
"璧ゅ嘲甯�"	"鍐呰挋鍙よ嚜娌诲尯"	"璧ゅ嘲甯�"	""	""	""	""	""	""	""	""	""	""	""	""	""	""	""	""	""	""	""	""	""	""	""	""	""	""	""	""	""	""	""	""	""	""	""	""	""	""	""	""	""	""	""	""	""	""	""	""	""	""	""	""	""	""	""	""	""	""	""	""	""	""	""	""	""	""	""	""	""	""	"45"	""	"46"	""	"46"	""	"44"	""	"44"	""	"45"	""	"46"	""	"1663"	""	"46"	""	"47"	""	"47"	""	"47"	""	"49"	""	"50"	""	"49"	""	"50"	""	"50"	""	"50"	""	"49"	""	"49.69"	""	"49.66"	""	"49.47"	""	"50.01"	"1499"	"49.94"	"1521"	"50.35"	"1504"	"51.01"	"1502"	"50.85"	"1593"	"51.09"	"1526"	"51.23"	"1589"	"51.58"	"1692"	"51.74"	"1788"	"51.43"	"1754"	""	""
"閫氳窘甯�"	"鍐呰挋鍙よ嚜娌诲尯"	"閫氳窘甯�"	""	""	""	""	""	""	""	""	""	""	""	""	""	""	""	""	""	""	""	""	""	""	""	""	""	""	""	""	""	""	""	""	""	""	""	""	""	""	""	""	""	""	""	""	""	""	""	""	""	""	""	""	""	""	""	""	""	""	""	""	""	""	""	""	""	""	""	""	""	""	"685"	""	"701"	""	"724"	""	"187"	""	"192"	""	"195"	""	"198"	""	"146"	""	"201"	""	"203"	""	"204"	""	"209"	""	"211"	""	""	""	""	""	"52"	""	"51"	""	"51"	""	"52"	""	"51.95"	""	"51.82"	""	"51.56"	""	"52.49"	"8006"	"53.11"	"8536"	"53.23"	"8857"	"53.56"	"6884"	"53.53"	"7652"	"53.76"	"6635"	"53.71"	"6635"	"53.95"	"6507"	"45.88"	"5971"	"53.5"	"5963"	""	""
"閯傚皵澶氭柉甯�"	"鍐呰挋鍙よ嚜娌诲尯"	"閯傚皵澶氭柉甯�"	""	""	""	""	""	""	""	""	""	""	""	""	""	""	""	""	""	""	""	""	""	""	""	""	""	""	""	""	""	""	""	""	""	""	""	""	""	""	""	""	""	""	""	""	""	""	""	""	""	""	""	""	""	""	""	""	""	""	""	""	""	""	""	""	""	""	""	""	""	""	""	""	""	""	""	""	""	""	""	""	""	""	""	""	""	""	""	""	""	""	""	""	""	""	""	""	""	""	""	""	""	""	""	""	"15"	""	"15"	""	"15.67"	""	"15.78"	""	"15.89"	""	"16.25"	"552"	"16.6"	"601"	"17.25"	"1144"	"17.23"	"3451"	"17.57"	"3671"	"18.23"	"3843"	"17.53"	"3487"	"17.79"	"3104"	"17.98"	"2473"	"18.1"	"2624"	""	""
"鍛间鸡璐濆皵甯�"	"鍐呰挋鍙よ嚜娌诲尯"	"鍛间鸡璐濆皵甯�"	""	""	""	""	""	""	""	""	""	""	""	""	""	""	""	""	""	""	""	""	""	""	""	""	""	""	""	""	""	""	""	""	""	""	""	""	""	""	""	""	""	""	""	""	""	""	""	""	""	""	""	""	""	""	""	""	""	""	""	""	""	""	""	""	""	""	""	""	""	""	""	""	""	""	""	""	""	""	""	""	""	""	""	""	""	""	""	""	""	""	""	""	""	""	""	""	""	""	""	""	"11"	""	""	""	"15"	""	""	""	""	""	"10.69"	""	"10.66"	""	"10.66"	"1799"	"10.68"	"1950"	"10.75"	"2022"	"10.73"	"2212"	"10.71"	"1374"	"10.67"	"1383"	"10.51"	"1480"	"10.02"	"1203"	"10.52"	"1206"	"10.25"	"1272"	""	""
"宸村溅娣栧皵甯�"	"鍐呰挋鍙よ嚜娌诲尯"	"宸村溅娣栧皵鐩�(涓存渤甯�)"	""	""	""	""	""	""	""	""	""	""	""	""	""	""	""	""	""	""	""	""	""	""	""	""	""	""	""	""	""	""	""	""	""	""	""	""	""	""	""	""	""	""	""	""	""	""	""	""	""	""	""	""	""	""	""	""	""	""	""	""	""	""	""	""	""	""	""	""	""	""	""	""	""	""	""	""	""	""	""	""	""	""	""	""	""	""	""	""	""	""	""	""	""	""	""	""	""	""	""	""	"28"	""	""	""	"86"	""	""	""	"27.34"	""	"27.62"	""	"27.3"	""	"27.85"	"470"	"28.3"	"475"	"28.72"	"454"	"26.9"	"457"	"28.93"	"558"	"29"	"517"	"28.98"	"519"	"28.45"	"548"	"27.42"	"610"	"26.4"	"5093"	""	""
"涔屽叞瀵熷竷甯�"	"鍐呰挋鍙よ嚜娌诲尯"	"涔屽叞瀵熷竷鐩�(闆嗗畞甯�)"	""	""	""	""	""	""	""	""	""	""	""	""	""	""	""	""	""	""	""	""	""	""	""	""	""	""	""	""	""	""	""	""	""	""	""	""	""	""	""	""	""	""	""	""	""	""	""	""	""	""	""	""	""	""	""	""	""	""	""	""	""	""	""	""	""	""	""	""	""	""	""	""	""	""	""	""	""	""	""	""	""	""	""	""	""	""	""	""	""	""	""	""	""	""	""	""	""	""	""	""	"50"	""	""	""	"44"	""	""	""	"49.66"	""	"49.85"	""	"50.01"	""	"51.05"	"2869"	"52.17"	"2869"	"52.69"	"2977"	"53.17"	"2592"	"52.67"	"795"	"52.99"	"6518"	"48.27"	"6691"	"51.98"	"5550"	"50.82"	"5683"	"50.28"	"5322"	""	""
"鍏村畨鐩�"	"鍐呰挋鍙よ嚜娌诲尯"	"鍏村畨鐩�(涔屽叞娴╃壒甯�)"	""	""	""	""	""	""	""	""	""	""	""	""	""	""	""	""	""	""	""	""	""	""	""	""	""	""	""	""	""	""	""	""	""	""	""	""	""	""	""	""	""	""	""	""	""	""	""	""	""	""	""	""	""	""	""	""	""	""	""	""	""	""	""	""	""	""	""	""	""	""	""	""	""	""	""	""	""	""	""	""	""	""	""	""	""	""	""	""	""	""	""	""	""	""	""	""	""	""	""	""	"27"	""	""	""	"10"	""	""	""	""	""	""	""	""	""	""	""	""	""	""	""	""	""	""	""	""	""	""	""	""	""	""	""	""	""	""	""
"閿℃灄閮嫆鐩�"	"鍐呰挋鍙よ嚜娌诲尯"	"閿℃灄閮嫆鐩�(閿℃灄娴╃壒甯�)"	""	""	""	""	""	""	""	""	""	""	""	""	""	""	""	""	""	""	""	""	""	""	""	""	""	""	""	""	""	""	""	""	""	""	""	""	""	""	""	""	""	""	""	""	""	""	""	""	""	""	""	""	""	""	""	""	""	""	""	""	""	""	""	""	""	""	""	""	""	""	""	""	""	""	""	""	""	""	""	""	""	""	""	""	""	""	""	""	""	""	""	""	""	""	""	""	""	""	""	""	"5"	""	"1.56"	""	"1.57"	""	""	""	""	""	""	""	""	""	""	""	""	""	""	""	""	""	""	""	""	""	""	""	""	""	""	""	""	""	""	""
"闃挎媺鍠勭洘"	"鍐呰挋鍙よ嚜娌诲尯"	"闃挎媺鍠勭洘"	""	""	""	""	""	""	""	""	""	""	""	""	""	""	""	""	""	""	""	""	""	""	""	""	""	""	""	""	""	""	""	""	""	""	""	""	""	""	""	""	""	""	""	""	""	""	""	""	""	""	""	""	""	""	""	""	""	""	""	""	""	""	""	""	""	""	""	""	""	""	""	""	""	""	""	""	""	""	""	""	""	""	""	""	""	""	""	""	""	""	""	""	""	""	""	""	""	""	""	""	"1"	""	""	""	"1"	""	""	""	""	""	""	""	""	""	""	""	""	""	""	""	""	""	""	""	""	""	""	""	""	""	""	""	""	""	""	""
"娌堥槼甯�"	"杈藉畞鐪�"	"娌堥槼甯�"	""	""	""	""	""	""	""	""	""	""	""	""	""	""	""	""	""	""	""	""	""	""	""	""	""	""	""	""	""	""	""	""	""	""	""	""	""	""	""	""	""	""	""	""	""	""	""	""	""	""	""	""	""	""	""	""	""	""	""	""	""	""	""	""	""	""	"610"	""	""	""	"618"	""	"626"	""	"636"	""	"646"	""	"654"	""	"663"	""	"670"	""	"414"	""	"678"	""	"506"	""	"508"	""	"514"	""	"517"	""	"519"	""	"520"	""	"522"	""	"528"	""	"531"	""	"531"	""	"530.89"	""	"534.57"	""	"538.19"	"1419"	"542.03"	"5147"	"546.82"	"2999"	"549.7"	"3108"	"557"	"3144"	"630"	"3177"	"556.77"	"2076"	"564"	"1828"	"565"	"1832"	"568.3"	"1593"	"567.65"	"1484"	""	"1501"
"澶ц繛甯�"	"杈藉畞鐪�"	"澶ц繛甯�"	""	""	""	""	""	""	""	""	""	""	""	""	""	""	""	""	""	""	""	""	""	""	""	""	""	""	""	""	""	""	""	""	""	""	""	""	""	""	""	""	""	""	""	""	""	""	""	""	""	""	""	""	""	""	""	""	""	""	""	""	""	""	""	""	""	""	"373"	""	""	""	"382"	""	"386"	""	"391"	""	"397"	""	"403"	""	"408"	""	"412"	""	"588"	""	"416"	""	"419"	""	"421"	""	"425"	""	"427"	""	"430"	""	"432"	""	"434"	""	"439"	""	"441"	""	"444"	""	"445.49"	""	"446.64"	""	"449.6"	"1095"	"454.97"	"2669"	"459.83"	"2676"	"463.95"	"2393"	"465.09"	"2478"	"532"	"2450"	"468.06"	"2466"	"469.47"	"2518"	"470.38"	"2762"	"472.63"	"2797"	"472.4"	"2820"	""	"2329"
"闉嶅北甯�"	"杈藉畞鐪�"	"闉嶅北甯�"	""	""	""	""	""	""	""	""	""	""	""	""	""	""	""	""	""	""	""	""	""	""	""	""	""	""	""	""	""	""	""	""	""	""	""	""	""	""	""	""	""	""	""	""	""	""	""	""	""	""	""	""	""	""	""	""	""	""	""	""	""	""	""	""	""	""	"535"	""	""	""	"557"	""	"562"	""	"567"	""	"563"	""	"571"	""	"578"	""	"584"	""	"206"	""	"356"	""	"358"	""	"360"	""	"363"	""	"365"	""	"367"	""	"367"	""	"368"	""	"372"	""	"372"	""	"373"	""	"373.19"	""	"374.99"	""	"375.75"	"2342"	"377.16"	"6057"	"378.57"	"2400"	"379.83"	"2482"	"380.49"	"2478"	"380.23"	"2495"	"379.85"	"2532"	"378.56"	"2548"	"377.9"	"2593"	"376.23"	"2581"	"373.85"	"2534"	""	"2191"
"鎶氶『甯�"	"杈藉畞鐪�"	"鎶氶『甯�"	""	""	""	""	""	""	""	""	""	""	""	""	""	""	""	""	""	""	""	""	""	""	""	""	""	""	""	""	""	""	""	""	""	""	""	""	""	""	""	""	""	""	""	""	""	""	""	""	""	""	""	""	""	""	""	""	""	""	""	""	""	""	""	""	""	""	"183"	""	""	""	"193"	""	"195"	""	"197"	""	"199"	""	"202"	""	"204"	""	"205"	""	"182"	""	"206"	""	"207"	""	"208"	""	"209"	""	"210"	""	"210"	""	"210"	""	"210"	""	"201"	""	"208"	""	"201"	""	"200.03"	""	"199.5"	""	"199.07"	"1971"	"198.63"	"2469"	"198.47"	"2454"	"198"	"2453"	"197.49"	"2418"	"195.98"	"2418"	"195.27"	"2148"	"194.52"	"2137"	"193.36"	"2123"	"192.84"	"2114"	"191.63"	"2069"	""	"2159"
"鏈邯甯�"	"杈藉畞鐪�"	"鏈邯甯�"	""	""	""	""	""	""	""	""	""	""	""	""	""	""	""	""	""	""	""	""	""	""	""	""	""	""	""	""	""	""	""	""	""	""	""	""	""	""	""	""	""	""	""	""	""	""	""	""	""	""	""	""	""	""	""	""	""	""	""	""	""	""	""	""	""	""	"166"	""	""	""	"170"	""	"172"	""	"174"	""	"176"	""	"177"	""	"180"	""	"181"	""	"147"	""	"183"	""	"184"	""	"184"	""	"185"	""	"185"	""	"186"	""	"186"	""	"186"	""	"187"	""	"186"	""	"186"	""	"186.16"	""	"186.14"	""	"185.95"	"634"	"185.69"	"1221"	"185.44"	"1321"	"185.07"	"1211"	"184.83"	"1139"	"183.81"	"898"	"183.5"	"911"	"182.13"	"623"	"181.07"	"626"	"180.75"	"626"	"179.53"	"602"	""	"602"
"涓逛笢甯�"	"杈藉畞鐪�"	"涓逛笢甯�"	""	""	""	""	""	""	""	""	""	""	""	""	""	""	""	""	""	""	""	""	""	""	""	""	""	""	""	""	""	""	""	""	""	""	""	""	""	""	""	""	""	""	""	""	""	""	""	""	""	""	""	""	""	""	""	""	""	""	""	""	""	""	""	""	""	""	"135"	""	""	""	"139"	""	"140"	""	"141"	""	"143"	""	"144"	""	"146"	""	"147"	""	"212"	""	"157"	""	"158"	""	"158"	""	"160"	""	"160"	""	"161"	""	"161"	""	"161"	""	"158"	""	"161"	""	"159"	""	"160.49"	""	"160.33"	""	"161.27"	"903"	"161.36"	"4921"	"161.54"	"2857"	"161.48"	"2890"	"159.4"	"2963"	"157.85"	"2967"	"157.67"	"2861"	"157.28"	"2815"	"156.74"	"2878"	"156.62"	"2861"	"155.66"	"3237"	""	"2916"
"閿﹀窞甯�"	"杈藉畞鐪�"	"閿﹀窞甯�"	""	""	""	""	""	""	""	""	""	""	""	""	""	""	""	""	""	""	""	""	""	""	""	""	""	""	""	""	""	""	""	""	""	""	""	""	""	""	""	""	""	""	""	""	""	""	""	""	""	""	""	""	""	""	""	""	""	""	""	""	""	""	""	""	""	""	"269"	""	""	""	"262"	""	"263"	""	"266"	""	"270"	""	"273"	""	"282"	""	"285"	""	"397"	""	"300"	""	"288"	""	"289"	""	"292"	""	"294"	""	"295"	""	"295"	""	"297"	""	"297"	""	"298"	""	"298"	""	"298.49"	""	"298.84"	""	"299.31"	"1995"	"305.81"	"2018"	"306.01"	"2171"	"306.78"	"2195"	"313.61"	"2220"	"311.75"	"2244"	"311.7"	"2239"	"311.24"	"2268"	"304.47"	"2195"	"303.84"	"2209"	"301.58"	"2163"	""	"2163"
"钀ュ彛甯�"	"杈藉畞鐪�"	"钀ュ彛甯�"	""	""	""	""	""	""	""	""	""	""	""	""	""	""	""	""	""	""	""	""	""	""	""	""	""	""	""	""	""	""	""	""	""	""	""	""	""	""	""	""	""	""	""	""	""	""	""	""	""	""	""	""	""	""	""	""	""	""	""	""	""	""	""	""	""	""	"321"	""	""	""	"353"	""	"357"	""	"363"	""	"371"	""	"377"	""	"384"	""	"226"	""	"206"	""	"399"	""	"403"	""	"403"	""	"407"	""	"409"	""	"411"	""	"413"	""	"415"	""	"419"	""	"421"	""	"423"	""	"424.29"	""	"425.64"	""	"426.75"	"1230"	"427.77"	"4727"	"430.38"	"4919"	"432.8"	"4807"	"435.1"	"4822"	"449.31"	"5193"	"449.16"	"5280"	"448.45"	"5359"	"443.55"	"5459"	"445.04"	"5459"	"444.49"	"5149"	""	"1675"
"闃滄柊甯�"	"杈藉畞鐪�"	"闃滄柊甯�"	""	""	""	""	""	""	""	""	""	""	""	""	""	""	""	""	""	""	""	""	""	""	""	""	""	""	""	""	""	""	""	""	""	""	""	""	""	""	""	""	""	""	""	""	""	""	""	""	""	""	""	""	""	""	""	""	""	""	""	""	""	""	""	""	""	""	"163"	""	""	""	"192"	""	"194"	""	"196"	""	"199"	""	"201"	""	"203"	""	"205"	""	"366"	""	"208"	""	"180"	""	"180"	""	"182"	""	"184"	""	"184"	""	"185"	""	"185"	""	"185"	""	"186"	""	"186"	""	"186.4"	""	"186.19"	""	"186.07"	"1743"	"186.35"	"1768"	"186.45"	"1746"	"185.86"	"1741"	"185.68"	"1741"	"185.78"	"1741"	"184.68"	"1747"	"185.01"	"1743"	"184.54"	"1747"	"184.46"	"1747"	"182.52"	"1741"	""	"1723"
"杈介槼甯�"	"杈藉畞鐪�"	"杈介槼甯�"	""	""	""	""	""	""	""	""	""	""	""	""	""	""	""	""	""	""	""	""	""	""	""	""	""	""	""	""	""	""	""	""	""	""	""	""	""	""	""	""	""	""	""	""	""	""	""	""	""	""	""	""	""	""	""	""	""	""	""	""	""	""	""	""	""	""	"337"	""	""	""	"345"	""	"348"	""	"352"	""	"356"	""	"360"	""	"362"	""	"365"	""	"269"	""	"367"	""	"369"	""	"370"	""	"371"	""	"374"	""	"376"	""	"378"	""	"379"	""	"383"	""	"384"	""	"384"	""	"384.46"	""	"384.59"	""	"383.74"	"1247"	"384.88"	"1253"	"386.63"	"1308"	"386.65"	"1316"	"387.42"	"1333"	"387.08"	"1253"	"382.13"	"1242"	"380.74"	"1083"	"380.13"	"1104"	"379.75"	"1098"	"373.85"	"1075"	""	"1078"
"鐩橀敠甯�"	"杈藉畞鐪�"	"鐩橀敠甯�"	""	""	""	""	""	""	""	""	""	""	""	""	""	""	""	""	""	""	""	""	""	""	""	""	""	""	""	""	""	""	""	""	""	""	""	""	""	""	""	""	""	""	""	""	""	""	""	""	""	""	""	""	""	""	""	""	""	""	""	""	""	""	""	""	""	""	""	""	""	""	""	""	"250"	""	"254"	""	"259"	""	"265"	""	"273"	""	"265"	""	"206"	""	"274"	""	"277"	""	"278"	""	"284"	""	"289"	""	"287"	""	"294"	""	"297"	""	"300"	""	"302"	""	"304"	""	"305.55"	""	"306.56"	""	"309.36"	"2169"	"312.16"	"2201"	"315.01"	"2291"	"317.37"	"2415"	"319.36"	"2751"	"322.4"	"2460"	"322.35"	"2606"	"316.78"	"2624"	"317.22"	"2598"	"317.93"	"2658"	"319.8"	"2748"	""	"1411"
"閾佸箔甯�"	"杈藉畞鐪�"	"閾佸箔甯�"	""	""	""	""	""	""	""	""	""	""	""	""	""	""	""	""	""	""	""	""	""	""	""	""	""	""	""	""	""	""	""	""	""	""	""	""	""	""	""	""	""	""	""	""	""	""	""	""	""	""	""	""	""	""	""	""	""	""	""	""	""	""	""	""	""	""	""	""	""	""	"198"	""	"197"	""	"198"	""	"199"	""	"200"	""	"203"	""	"206"	""	"162"	""	"207"	""	"221"	""	"222"	""	"224"	""	"225"	""	"227"	""	"919"	""	"229"	""	"230"	""	"230"	""	"231"	""	"230.91"	""	"231.67"	""	"233.09"	"601"	"234.62"	"4262"	"235.29"	"2216"	"235.69"	"2225"	"235.79"	"2221"	"235.09"	"2221"	"234.92"	"2220"	"232.72"	"2218"	"232.49"	"2216"	"232.61"	"2216"	"231.04"	"2215"	""	"2088"
"鏈濋槼甯�"	"杈藉畞鐪�"	"鏈濋槼甯�"	""	""	""	""	""	""	""	""	""	""	""	""	""	""	""	""	""	""	""	""	""	""	""	""	""	""	""	""	""	""	""	""	""	""	""	""	""	""	""	""	""	""	""	""	""	""	""	""	""	""	""	""	""	""	""	""	""	""	""	""	""	""	""	""	""	""	""	""	""	""	"150"	""	"155"	""	"157"	""	"158"	""	"160"	""	"159"	""	"161"	""	""	""	"163"	""	"164"	""	"165"	""	"167"	""	"167"	""	"168"	""	"168"	""	"169"	""	"170"	""	"170"	""	"170"	""	"170.82"	""	"170.97"	""	"171.96"	"924"	"172.64"	"932"	"172.68"	"974"	"173.06"	"961"	"173.93"	"998"	"172.22"	"998"	"173.11"	""	"172.61"	"1026"	"172.36"	""	"172.93"	""	"173.11"	""	""	"1114"
"钁姦宀涘競"	"杈藉畞鐪�"	"钁姦宀涘競"	""	""	""	""	""	""	""	""	""	""	""	""	""	""	""	""	""	""	""	""	""	""	""	""	""	""	""	""	""	""	""	""	""	""	""	""	""	""	""	""	""	""	""	""	""	""	""	""	""	""	""	""	""	""	""	""	""	""	""	""	""	""	""	""	""	""	""	""	""	""	""	""	""	""	""	""	""	""	""	""	"242"	""	"244"	""	""	""	"247"	""	"248"	""	"249"	""	"252"	""	"254"	""	"254"	""	"255"	""	"256"	""	"258"	""	"259"	""	"260"	""	"260.61"	""	"262.07"	""	"262.81"	"706"	"264.69"	"709"	"267.59"	"774"	"269.23"	"782"	"271.02"	"799"	"270.52"	"803"	"270.11"	"783"	"268.84"	"796"	"268.78"	"793"	"269.52"	"874"	"268.87"	"883"	""	"896"
"闀挎槬甯�"	"鍚夋灄鐪�"	"闀挎槬甯�"	""	""	""	""	""	""	""	""	""	""	""	""	""	""	""	""	""	""	""	""	""	""	""	""	""	""	""	""	""	""	""	""	""	""	""	""	""	""	""	""	""	""	""	""	""	""	""	""	""	""	""	""	""	""	""	""	""	""	""	""	""	""	""	""	""	""	""	""	""	""	"309"	""	"312"	""	"315"	""	"319"	""	"324"	""	"332"	""	"338"	""	"340"	""	"342"	""	"345"	""	"347"	""	"353"	""	"358"	""	"362"	""	"364"	"784"	"366"	"795"	"340"	"812"	"343"	"827"	"346"	"844"	"349.15"	"860"	"351.95"	"874"	"355.6"	"936"	"359.37"	"8769"	"362.62"	"8739"	"365.23"	"7232"	"367.16"	"367.16"	"373"	"7347"	"369.72"	"7819"	"367.36"	"8034"	"365.3"	"7676"	"366.39"	"7605"	"366.13"	"7693"	""	""
"鍚夋灄甯�"	"鍚夋灄鐪�"	"鍚夋灄甯�"	""	""	""	""	""	""	""	""	""	""	""	""	""	""	""	""	""	""	""	""	""	""	""	""	""	""	""	""	""	""	""	""	""	""	""	""	""	""	""	""	""	""	""	""	""	""	""	""	""	""	""	""	""	""	""	""	""	""	""	""	""	""	""	""	""	""	""	""	""	""	"145"	""	"146"	""	"146"	""	"147"	""	"148"	""	"149"	""	"152"	""	"153"	""	"154"	""	"155"	""	"155"	""	"157"	""	"157"	""	"158"	""	"158"	"803"	"159"	"811"	"159"	"898"	"159"	"898"	"159"	"897"	"159.14"	"900"	"158.21"	"897"	"158.35"	"902"	"158.72"	"905"	"159.54"	"1213"	"161.61"	"1217"	"161.25"	"1231"	"160.01"	"1234"	"159.74"	"1232"	"158.81"	""	"157.73"	""	"154.32"	""	"153.73"	""	""	""
"鍥涘钩甯�"	"鍚夋灄鐪�"	"鍥涘钩甯�"	""	""	""	""	""	""	""	""	""	""	""	""	""	""	""	""	""	""	""	""	""	""	""	""	""	""	""	""	""	""	""	""	""	""	""	""	""	""	""	""	""	""	""	""	""	""	""	""	""	""	""	""	""	""	""	""	""	""	""	""	""	""	""	""	""	""	""	""	""	""	"198"	""	"199"	""	"201"	""	"202"	""	"203"	""	"206"	""	"210"	""	"212"	""	"214"	""	"216"	""	"217"	""	"220"	""	"223"	""	"226"	""	"228"	"1132"	"230"	"1142"	"229"	"856"	"230"	"857"	"232"	"869"	"232.01"	"869"	"232.72"	"911"	"235.72"	"935"	"235.29"	"991"	"237.89"	"1009"	"239.74"	"1029"	"240.85"	"240.85"	"241.87"	"764"	"242.29"	"7802"	"238.86"	"7167"	"233.24"	"6796"	"233.03"	"7094"	"226.67"	"7551"	""	""
"杈芥簮甯�"	"鍚夋灄鐪�"	"杈芥簮甯�"	""	""	""	""	""	""	""	""	""	""	""	""	""	""	""	""	""	""	""	""	""	""	""	""	""	""	""	""	""	""	""	""	""	""	""	""	""	""	""	""	""	""	""	""	""	""	""	""	""	""	""	""	""	""	""	""	""	""	""	""	""	""	""	""	""	""	""	""	""	""	"224"	""	"224"	""	"225"	""	"226"	""	"227"	""	"229"	""	"233"	""	"234"	""	"235"	""	"236"	""	"236"	""	"239"	""	"241"	""	"244"	""	"243"	"2192"	"244"	"2182"	"242"	"2175"	"242"	"2169"	"242"	"2169"	"241.68"	"2169"	"241.25"	"2160"	"240.07"	"1074"	"239.77"	"10780"	"240.12"	"10786"	"239.99"	"1003"	"240.86"	"240.86"	"240.76"	"1126"	"238.4"	"10747"	"237.35"	"10900"	"237.2"	"11015"	"236.96"	"10335"	"235.41"	"10533"	""	""
"閫氬寲甯�"	"鍚夋灄鐪�"	"閫氬寲甯�"	""	""	""	""	""	""	""	""	""	""	""	""	""	""	""	""	""	""	""	""	""	""	""	""	""	""	""	""	""	""	""	""	""	""	""	""	""	""	""	""	""	""	""	""	""	""	""	""	""	""	""	""	""	""	""	""	""	""	""	""	""	""	""	""	""	""	""	""	""	""	"478"	""	"137"	""	"138"	""	"139"	""	"139"	""	"140"	""	"143"	""	"143"	""	"144"	""	"145"	""	"145"	""	"149"	""	"152"	""	"151"	""	"149"	"574"	"149"	"565"	"148"	"567"	"148"	"594"	"149"	"597"	"148.88"	"597"	"148.99"	"598"	"148.94"	"599"	"149.31"	"9911"	"149.33"	"632"	"149.85"	"609"	"149.27"	"149.27"	"144.87"	"616"	"144.79"	"6484"	"143.89"	"7218"	"142.43"	"7337"	"142.32"	"7376"	"141.56"	"7220"	""	""
"鐧藉北甯�"	"鍚夋灄鐪�"	"鐧藉北甯�"	""	""	""	""	""	""	""	""	""	""	""	""	""	""	""	""	""	""	""	""	""	""	""	""	""	""	""	""	""	""	""	""	""	""	""	""	""	""	""	""	""	""	""	""	""	""	""	""	""	""	""	""	""	""	""	""	""	""	""	""	""	""	""	""	""	""	""	""	""	""	"120"	""	"66"	""	"66"	""	"66"	""	"67"	""	"68"	""	"70"	""	"70"	""	"70"	""	"71"	""	"71"	""	"72"	""	"73"	""	"74"	""	"74"	"187"	"74"	"190"	"74"	"2687"	"76"	"2311"	"76"	"2685"	"76.05"	"2708"	"74.73"	"2744"	"74.52"	"3411"	"74.34"	"5187"	"74.3"	"3154"	"74.17"	"2402"	"74.19"	"74.19"	"73.61"	"3803"	"73.5"	"3674"	"73.14"	"1064"	"72.71"	"1047"	"72.13"	"1028"	"71.41"	"1017"	""	""
"鏉惧師甯�"	"鍚夋灄鐪�"	"鏉惧師甯�"	""	""	""	""	""	""	""	""	""	""	""	""	""	""	""	""	""	""	""	""	""	""	""	""	""	""	""	""	""	""	""	""	""	""	""	""	""	""	""	""	""	""	""	""	""	""	""	""	""	""	""	""	""	""	""	""	""	""	""	""	""	""	""	""	""	""	""	""	""	""	""	""	""	""	""	""	""	""	""	""	""	""	""	""	""	""	"111"	""	"113"	""	"114"	""	"117"	""	"119"	""	"121"	""	"122"	"502"	"130"	"507"	"130"	"510"	"131"	"318"	"132"	"327"	"132.49"	"376"	"133.13"	"451"	"131.56"	"452"	"131.92"	"456"	"133.38"	"407"	"135.18"	"430"	"136.71"	"136.71"	"137.53"	"472"	"138.52"	"6044"	"137.4"	"5968"	"134.17"	"6063"	"132.04"	"6072"	"131.82"	"6074"	""	""
"鐧藉煄甯�"	"鍚夋灄鐪�"	"鐧藉煄甯�"	""	""	""	""	""	""	""	""	""	""	""	""	""	""	""	""	""	""	""	""	""	""	""	""	""	""	""	""	""	""	""	""	""	""	""	""	""	""	""	""	""	""	""	""	""	""	""	""	""	""	""	""	""	""	""	""	""	""	""	""	""	""	""	""	""	""	""	""	""	""	"361"	""	"366"	""	"371"	""	"321"	""	"211"	""	"332"	""	"1247"	""	"342"	""	"374"	""	"74"	""	"75"	""	"76"	""	"77"	""	"77"	""	"77"	"252"	"78"	"254"	"78"	"255"	"78"	"255"	"78"	"257"	"78.16"	"196"	"78.47"	"196"	"78.31"	"198"	"78.62"	"828"	"78.82"	"285"	"78.81"	"289"	"78.92"	"78.92"	"78.71"	"309"	"78.67"	"310"	"77.69"	"5771"	"77.34"	"5771"	"76.55"	"4197"	"76.48"	"4197"	""	""
"寤惰竟鏈濋矞鏃忚嚜娌诲窞"	"鍚夋灄鐪�"	"寤惰竟鏈濋矞鏃忚嚜娌诲窞(寤跺悏甯�)"	""	""	""	""	""	""	""	""	""	""	""	""	""	""	""	""	""	""	""	""	""	""	""	""	""	""	""	""	""	""	""	""	""	""	""	""	""	""	""	""	""	""	""	""	""	""	""	""	""	""	""	""	""	""	""	""	""	""	""	""	""	""	""	""	""	""	""	""	""	""	""	""	""	""	""	""	"46.33"	""	"47"	""	"48"	""	"48.47"	""	"49"	""	"49"	""	"50"	""	"50"	""	"51"	""	""	""	""	""	""	""	"51"	""	""	""	"51"	""	""	""	""	""	""	""	""	""	""	""	""	""	""	""	""	""	""	""	""	""	""	""	""	""	""	""	""	""	""	""
"鍝堝皵婊ㄥ競"	"榛戦緳姹熺渷"	"鍝堝皵婊ㄥ競"	""	""	""	""	""	""	""	""	""	""	""	""	""	""	""	""	""	""	""	""	""	""	""	""	""	""	""	""	""	""	""	""	""	""	""	""	""	""	""	""	""	""	""	""	""	""	""	""	""	""	""	""	""	""	""	""	""	""	""	""	""	""	""	"1479"	""	""	""	""	""	""	"544"	""	"550"	"1604"	"557"	"1589"	"565"	""	"572"	""	"581"	""	"588"	"1727"	"287"	"1737"	"287"	"1744"	"287"	"1882"	"287"	"1914"	"289"	"1951"	"171"	"1989"	"172"	"2018"	"174"	"2036"	"175"	"2039"	"176"	"2039"	"177"	"1852"	"179"	"1878"	"179.83"	"1898"	"182.83"	"825"	"183.7"	"838"	"184.74"	"11961"	"186.05"	"12391"	"186.53"	"12211"	"186.85"	"12012"	"200"	"11603"	"187.2"	"11547"	"187.4"	"11242"	"187.5"	"10548"	"186"	"10418"	"180.98"	"11366"	"181.2"	"10416"
"榻愰綈鍝堝皵甯�"	"榛戦緳姹熺渷"	"榻愰綈鍝堝皵甯�"	""	""	""	""	""	""	""	""	""	""	""	""	""	""	""	""	""	""	""	""	""	""	""	""	""	""	""	""	""	""	""	""	""	""	""	""	""	""	""	""	""	""	""	""	""	""	""	""	""	""	""	""	""	""	""	""	""	""	""	""	""	""	""	"268"	""	""	""	""	""	""	"112"	""	"108"	"289"	"108"	"1131"	"109"	""	"110"	""	"111"	""	"112"	"317"	"112"	"319"	"114"	"320"	"132"	"322"	"128"	"323"	"128"	"325"	"129"	"326"	"130"	"327"	"130"	"326"	"132"	"328"	"132"	"329"	"132"	"330"	"132"	"330"	"127.41"	"327"	"129.97"	"327"	"131.15"	"3250"	"133.25"	"8216"	"133.7"	"8144"	"134.03"	"9584"	"134.58"	"7852"	"133.77"	"7852"	"133.59"	"7851"	"131.64"	"7796"	"131.15"	"7799"	"130.27"	"7799"	"129.27"	"7799"	""	"7698"
"楦¤タ甯�"	"榛戦緳姹熺渷"	"楦¤タ甯�"	""	""	""	""	""	""	""	""	""	""	""	""	""	""	""	""	""	""	""	""	""	""	""	""	""	""	""	""	""	""	""	""	""	""	""	""	""	""	""	""	""	""	""	""	""	""	""	""	""	""	""	""	""	""	""	""	""	""	""	""	""	""	""	"345"	""	""	""	""	""	""	"197"	""	"198"	"351"	"200"	"1188"	"202"	""	"205"	""	"207"	""	"210"	"374"	"213"	"380"	"215"	"384"	"99"	"388"	"84"	"393"	"85"	"393"	"85"	"394"	"86"	"396"	"86"	"399"	"87"	"399"	"87"	"401"	"87"	"400"	"87"	"399"	"86.33"	"397"	"86.17"	"394"	"84.94"	"3900"	"84.7"	"9515"	"84.82"	"9329"	"84.7"	"9336"	"84.64"	"9342"	"83.97"	"9424"	"83.84"	"9424"	"82.51"	"9127"	"82.82"	"9103"	"81.49"	"9137"	"80.78"	"8968"	""	"8952"
"楣ゅ矖甯�"	"榛戦緳姹熺渷"	"楣ゅ矖甯�"	""	""	""	""	""	""	""	""	""	""	""	""	""	""	""	""	""	""	""	""	""	""	""	""	""	""	""	""	""	""	""	""	""	""	""	""	""	""	""	""	""	""	""	""	""	""	""	""	""	""	""	""	""	""	""	""	""	""	""	""	""	""	""	"116"	""	""	""	""	""	""	"128"	""	"129"	"131"	"132"	"1786"	"134"	""	"67"	""	"59"	""	"72"	"144"	"73"	"146"	"74"	"148"	"74"	"149"	"74"	"151"	"75"	"152"	"76"	"152"	"76"	"168"	"76"	"152"	"76"	"152"	"76"	"153"	"153"	"153"	"76"	"152"	"75.49"	"151"	"74.97"	"150"	"75.01"	"1500"	"74.62"	"6753"	"74.64"	"7028"	"74.69"	"7181"	"74.69"	"6724"	"74.43"	"6652"	"74.22"	"6615"	"74.03"	"6864"	"73.56"	"6553"	"73.01"	"6506"	"72.21"	"6498"	""	"6471"
"鍙岄腑灞卞競"	"榛戦緳姹熺渷"	"鍙岄腑灞卞競"	""	""	""	""	""	""	""	""	""	""	""	""	""	""	""	""	""	""	""	""	""	""	""	""	""	""	""	""	""	""	""	""	""	""	""	""	""	""	""	""	""	""	""	""	""	""	""	""	""	""	""	""	""	""	""	""	""	""	""	""	""	""	""	"243"	""	""	""	""	""	""	"261"	""	"265"	"265"	"269"	"726"	"273"	""	"195"	""	"211"	""	"196"	"273"	"84"	"278"	"85"	"282"	"65"	"282"	"65"	"282"	"65"	"281"	"66"	"282"	"66"	"287"	"66"	"284"	"67"	"284"	"67"	"288"	"67"	"289"	"67"	"285"	"67.09"	"285"	"67.26"	"286"	"66.81"	"286"	"66.69"	"3873"	"64.84"	"3907"	"64.85"	"3907"	"64.98"	"3907"	"65.31"	"3907"	"65.16"	"4000"	"64.8"	"3966"	"64.54"	"3958"	"65.87"	"3975"	"64.99"	"4051"	""	"4051"
"澶у簡甯�"	"榛戦緳姹熺渷"	"澶у簡甯�"	""	""	""	""	""	""	""	""	""	""	""	""	""	""	""	""	""	""	""	""	""	""	""	""	""	""	""	""	""	""	""	""	""	""	""	""	""	""	""	""	""	""	""	""	""	""	""	""	""	""	""	""	""	""	""	""	""	""	""	""	""	""	""	"134"	""	""	""	""	""	""	"146"	""	"152"	"152"	"155"	"829"	"160"	"160"	"163"	"163"	"167"	"167"	"184"	"171"	"188"	"188"	"190"	"190"	"110"	"193"	"111"	"197"	"113"	"208"	"114"	"205"	"115"	"207"	"116"	"210"	"117"	"213"	"118"	"222"	"221"	"221"	"120"	"225"	"121.54"	"231"	"123.58"	"237"	"124.6"	"240"	"126.91"	"6772"	"128.83"	"7295"	"130.65"	"5869"	"132.04"	"4768"	"131.86"	"4620"	"132.69"	"4418"	"130.82"	"4387"	"131.29"	"4548"	"130.07"	"4761"	"129.6"	"4667"	""	"4542"
"浼婃槬甯�"	"榛戦緳姹熺渷"	"浼婃槬甯�"	""	""	""	""	""	""	""	""	""	""	""	""	""	""	""	""	""	""	""	""	""	""	""	""	""	""	""	""	""	""	""	""	""	""	""	""	""	""	""	""	""	""	""	""	""	""	""	""	""	""	""	""	""	""	""	""	""	""	""	""	""	""	""	""	""	""	""	""	""	""	"33"	""	""	""	"34"	""	"34"	""	"35"	""	"35"	""	"35"	""	"35"	""	"35"	""	"35"	""	""	""	"40"	""	"40"	""	"40"	""	"40"	""	"41"	""	""	""	"40"	""	"40"	""	"39.69"	""	"39.55"	""	"39.31"	""	"38.99"	"4905"	"38.95"	"4795"	"38.96"	"4717"	"38.86"	"38.86"	"38.75"	"4391"	"38.54"	"4371"	"38.22"	"4374"	"37.61"	"4383"	"37.19"	"4383"	"36.89"	"4196"	""	"4195"
"浣虫湪鏂競"	"榛戦緳姹熺渷"	"浣虫湪鏂競"	""	""	""	""	""	""	""	""	""	""	""	""	""	""	""	""	""	""	""	""	""	""	""	""	""	""	""	""	""	""	""	""	""	""	""	""	""	""	""	""	""	""	""	""	""	""	""	""	""	""	""	""	""	""	""	""	""	""	""	""	""	""	""	"546"	""	""	""	""	""	""	"520"	""	"54"	"531"	"54"	"1222"	"55"	""	"58"	""	"59"	""	"59"	"600"	"62"	"626"	"63"	"631"	"75"	"823"	"69"	"743"	"71"	"737"	"72"	"737"	"72"	"754"	"72"	"754"	"73"	"763"	"73"	"765"	"74"	"768"	"74"	"767"	"74.83"	"763"	"75.62"	"762"	"74.92"	"757"	"75.89"	"569"	"76.61"	"569"	"76.94"	"9793"	"77.13"	"9528"	"77.6"	"6655"	"76.6"	"6400"	"73.16"	"6168"	"74.02"	"6228"	"73.8"	"6228"	"72.77"	"6187"	""	"6177"
"涓冨彴娌冲競"	"榛戦緳姹熺渷"	"涓冨彴娌冲競"	""	""	""	""	""	""	""	""	""	""	""	""	""	""	""	""	""	""	""	""	""	""	""	""	""	""	""	""	""	""	""	""	""	""	""	""	""	""	""	""	""	""	""	""	""	""	""	""	""	""	""	""	""	""	""	""	""	""	""	""	""	""	""	"122"	""	""	""	""	""	""	"103"	""	"106"	"161"	"109"	"593"	"111"	""	"115"	""	"119"	""	"124"	"236"	"128"	"252"	"131"	"258"	"130"	"265"	"130"	"257"	"131"	"261"	"133"	"266"	"134"	"268"	"134"	"267"	"136"	"271"	"139"	"279"	"139"	"280"	"139"	"279"	"140.56"	"285"	"141.7"	"294"	"142.15"	"291"	"143.18"	"5834"	"143.88"	"6527"	"145.02"	"6570"	"149.12"	"6793"	"149.24"	"6181"	"148.95"	"1287"	"148.46"	"1313"	"147.82"	"1313"	"141.81"	"1314"	"133.42"	"5985"	""	"2140"
"鐗′腹姹熷競"	"榛戦緳姹熺渷"	"鐗′腹姹熷競"	""	""	""	""	""	""	""	""	""	""	""	""	""	""	""	""	""	""	""	""	""	""	""	""	""	""	""	""	""	""	""	""	""	""	""	""	""	""	""	""	""	""	""	""	""	""	""	""	""	""	""	""	""	""	""	""	""	""	""	""	""	""	""	"412"	""	""	""	""	""	""	"52"	""	"52"	"457"	"53"	"1147"	"54"	""	"55"	""	"56"	""	"56"	"526"	"57"	"528"	"58"	"532"	"54"	"540"	"77"	"545"	"77"	"560"	"78"	"578"	"79"	"584"	"79"	"584"	"80"	"590"	"66"	"595"	"67"	"604"	"67"	"595"	"66.54"	"573"	"66.62"	"583"	"65.62"	"5780"	"66.08"	"8012"	"66.49"	"8012"	"66.51"	"8007"	"66.67"	"8007"	"66.59"	"8180"	"65.37"	"8214"	"67.58"	"8226"	"67.43"	"8014"	"67.98"	"7768"	"67.48"	"7952"	""	"7952"
"榛戞渤甯�"	"榛戦緳姹熺渷"	"榛戞渤甯�"	""	""	""	""	""	""	""	""	""	""	""	""	""	""	""	""	""	""	""	""	""	""	""	""	""	""	""	""	""	""	""	""	""	""	""	""	""	""	""	""	""	""	""	""	""	""	""	""	""	""	""	""	""	""	""	""	""	""	""	""	""	""	""	""	""	""	""	""	""	""	"8"	""	"9"	"155"	"10"	"659"	"10"	""	"10"	""	"11"	""	"10"	""	"10"	"106"	"11"	"110"	"23"	"119"	"23"	"139"	"24"	"10"	"24"	"12"	"24"	"12"	"24"	"12"	"24"	"12"	"25"	"12"	"26"	"12"	"25"	"261"	"25.25"	"1483"	"25.33"	"933"	"25.41"	"9330"	"25.24"	"7405"	"25.31"	"7459"	"25.3"	"7368"	"21.2"	"5057"	"21.2"	"5057"	"21.25"	"5129"	"25.33"	"5143"	"25.14"	"5151"	"24.98"	"5179"	"24.58"	"5215"	""	"5215"
"缁ュ寲甯�"	"榛戦緳姹熺渷"	"缁ュ寲甯�"	""	""	""	""	""	""	""	""	""	""	""	""	""	""	""	""	""	""	""	""	""	""	""	""	""	""	""	""	""	""	""	""	""	""	""	""	""	""	""	""	""	""	""	""	""	""	""	""	""	""	""	""	""	""	""	""	""	""	""	""	""	""	""	""	""	""	""	""	""	""	"266"	""	"267"	"267"	"269"	"897"	"272"	""	"275"	""	"278"	""	"282"	""	"284"	"358"	"285"	"358"	"287"	"364"	"288"	"368"	"292"	"106"	"295"	"7268"	""	"7302"	""	"6761"	""	"6842"	"155"	"7083"	"157"	"7395"	"157"	"7433"	"158.88"	"7512"	"159.54"	"7475"	"160.67"	"5600"	"162.71"	"5638"	"164.71"	"6372"	"165.08"	"6082"	"166.45"	"6005"	"168.1"	"6015"	"166.87"	"6179"	"159.36"	"3449"	"159.5"	"3579"	"158.63"	"3784"	"157.43"	"3827"	""	"3956"
"澶у叴瀹夊箔鍦板尯"	"榛戦緳姹熺渷"	"澶у叴瀹夊箔鍦板尯(鍔犳牸杈惧)"	""	""	""	""	""	""	""	""	""	""	""	""	""	""	""	""	""	""	""	""	""	""	""	""	""	""	""	""	""	""	""	""	""	""	""	""	""	""	""	""	""	""	""	""	""	""	""	""	""	""	""	""	""	""	""	""	""	""	""	""	""	""	""	""	""	""	""	""	""	""	""	""	""	""	""	""	""	""	""	""	""	""	""	""	""	""	""	""	""	""	""	""	""	""	""	""	""	""	""	""	"9"	""	""	""	"6"	""	""	""	""	""	""	""	""	""	""	""	""	""	""	""	""	""	""	""	""	""	""	""	""	""	""	""	""	""	""	""
"鍗椾含甯�"	"姹熻嫃鐪�"	"鍗椾含甯�"	""	""	""	""	""	""	""	""	""	""	""	""	""	""	""	""	""	""	""	""	""	""	""	""	""	""	""	""	""	""	""	""	""	""	""	""	""	""	""	""	""	""	""	""	""	""	""	""	""	""	""	""	""	""	""	""	""	""	""	""	""	""	""	""	""	""	""	""	""	""	"707"	""	"715"	""	"724"	""	"736"	""	"749"	""	"761"	""	"770"	""	"777"	""	"783"	"2729"	"790"	"2729"	"793"	"2760"	"801"	"2724"	"806"	"2760"	"813"	"2800"	"807"	"2832"	"815"	"2892"	"826"	"2966"	"838.24"	"1431"	"855.03"	"963"	"869.39"	"999"	"886.66"	"1005"	"905.2"	"1084"	"923"	"1815"	"938"	"1933"	"948.74"	"1546"	"957"	"1596"	"960"	"1600"	"966.08"	"1532"	"1239"	"1417"	"1243"	"1419"	"984.85"	"1440"	"991.35"	"1462"	"1256"	"1484"
"鏃犻敗甯�"	"姹熻嫃鐪�"	"鏃犻敗甯�"	""	""	""	""	""	""	"537"	""	""	""	""	""	""	""	""	""	"590"	""	""	""	""	""	""	""	""	""	"616"	""	""	""	""	""	"659"	""	""	""	""	""	""	""	""	""	"710"	""	""	""	""	""	""	""	""	""	"755"	""	"765"	""	"776"	""	"763"	""	"804"	""	"787"	""	"795"	""	"804"	""	"808"	""	"811"	""	"817"	""	"826"	""	"837"	""	"850"	""	"861"	""	"872"	""	"880"	""	"885"	""	"891"	""	"895"	""	"896"	""	"900"	""	"903"	""	"903"	""	"905"	""	"908"	""	"910"	""	"916"	""	"924"	""	"934"	""	"946"	"945.78"	"956"	"1432"	"964"	"1454"	"970"	"1463"	"973"	"972.54"	"1008"	"2074"	"1011"	"2062"	"1016"	"2089"	"1020"	"2110"	"1031"	"2115"	"1039"	"1953"	"1411"	""
"寰愬窞甯�"	"姹熻嫃鐪�"	"寰愬窞甯�"	""	""	""	""	""	""	""	""	""	""	""	""	""	""	""	""	""	""	""	""	""	""	""	""	""	""	""	""	""	""	""	""	""	""	""	""	""	""	""	""	""	""	""	""	""	""	""	""	""	""	""	""	""	""	""	""	""	""	"573"	""	"580"	""	"586"	""	"597"	""	"608"	""	"616"	""	"623"	""	"628"	""	"636"	""	"645"	""	"661"	""	"677"	""	"717"	""	"729"	""	"734"	""	"741"	""	"749"	""	"756"	""	"763"	""	"770"	""	"778"	""	"779"	""	"796"	""	"801.08"	""	"803.35"	""	"807.12"	""	"814.4"	""	"822"	"821.91"	"830.28"	"4818"	"836"	"3657"	"841.06"	"3677"	"851"	"850.6"	"864.1"	"3547"	"867.45"	"3499"	"761"	"3533"	"763"	"3901"	"869.97"	"3963"	"874.63"	"3106"	"740"	""
"甯稿窞甯�"	"姹熻嫃鐪�"	"甯稿窞甯�"	""	""	""	""	""	""	""	""	""	""	""	""	""	""	""	""	""	""	""	""	""	""	""	""	""	""	""	""	""	""	""	""	""	""	""	""	""	""	""	""	""	""	""	""	""	""	""	""	""	""	""	""	""	""	""	""	""	""	""	""	""	""	""	""	""	""	""	""	""	""	"725"	""	"702"	""	"708"	""	"716"	""	"725"	""	"735"	""	"743"	""	"747"	""	"751"	""	"753"	""	"755"	""	"763"	""	"772"	""	"775"	""	"779"	""	"776"	""	"781"	""	"781"	""	"785"	""	"791.36"	""	"797.65"	""	"804"	"803.73"	"811"	"4502"	"815.01"	"3184"	"818.1818"	"3114"	"821"	"820.57"	"825.25"	"3437"	"830"	"3572"	"1072"	"3665"	"1073"	"3798"	"843.18"	"3035"	"848.58"	"2399"	"1077"	""
"鑻忓窞甯�"	"姹熻嫃鐪�"	"鑻忓窞甯�"	"399"	""	""	""	""	""	"415"	""	""	""	""	""	""	""	""	""	"453"	""	""	""	""	""	""	""	""	""	"471"	""	""	""	""	""	"506"	""	""	""	""	""	""	""	""	""	"551"	""	"559"	""	"565"	""	"571"	""	"575"	""	"580"	""	"585"	""	"590"	""	"596"	""	"607"	""	"611"	""	"618"	""	"625"	""	"626"	""	"585"	""	"630"	""	"637"	""	"643"	""	"650"	""	"656"	""	"661"	""	"665"	""	"668"	""	"671"	""	"672"	""	"675"	""	"676"	""	"677"	""	"678"	""	"679"	""	"681"	""	"684"	""	"688"	""	"696.24"	""	"705.53"	""	"715.49"	"715.49"	"726"	"4884"	"736"	"2897"	"741.93"	"2969"	"746"	"746.1"	"751"	"1769"	"757"	"1852"	"1243"	"1827"	"1246"	"1882"	"763.64"	"1926"	"770.47"	"1967"	"1230"	""
"鍗楅€氬競"	"姹熻嫃鐪�"	"鍗楅€氬競"	""	""	""	""	""	""	""	""	""	""	""	""	""	""	""	""	""	""	""	""	""	""	""	""	""	""	""	""	""	""	""	""	""	""	""	""	""	""	""	""	""	""	""	""	""	""	""	""	""	""	""	""	""	""	""	""	""	""	""	""	""	""	""	""	""	""	""	""	""	""	"928"	""	"815"	""	"820"	""	"827"	""	"953"	""	"963"	""	"970"	""	"973"	""	"975"	""	"976"	""	"977"	""	"980"	""	"981"	""	"983"	""	"984"	""	"982"	""	"981"	""	"978"	""	"975.2"	""	"971.9"	""	"967.12"	""	"963.45"	"963.45"	"962.12"	"3046"	"958"	"5142"	"954.5307"	"4450"	"953"	"953.21"	"954"	"4607"	"956"	"3090"	"912"	"3860"	"912"	"3741"	"727.68"	"3887"	"727.08"	"4082"	"692"	""
"杩炰簯娓競"	"姹熻嫃鐪�"	"杩炰簯娓競"	""	""	""	""	""	""	""	""	""	""	""	""	""	""	""	""	""	""	""	""	""	""	""	""	""	""	""	""	""	""	""	""	""	""	""	""	""	""	""	""	""	""	""	""	""	""	""	""	""	""	""	""	""	""	""	""	""	""	""	""	""	""	""	""	""	""	""	""	""	""	"473"	""	"475"	""	"483"	""	"493"	""	"502"	""	"514"	""	"538"	""	"547"	""	"555"	""	"550"	""	"552"	""	"560"	""	"588"	""	"587"	""	"596"	""	"602"	""	"612"	""	"617.45"	""	"619"	""	"623.77"	""	"625.08"	""	"630"	"629.57"	"639.23"	"1630"	"643"	"1169"	"651"	"1044"	"654"	"654.19"	"664"	"1088"	"663.4"	"1176"	"579"	"1222"	"582"	"1230"	"691.42"	"1232"	"697.31"	"1463"	"590"	""
"娣畨甯�"	"姹熻嫃鐪�"	"娣畨甯�"	""	""	""	""	""	""	""	""	""	""	""	""	""	""	""	""	""	""	""	""	""	""	""	""	""	""	""	""	""	""	""	""	""	""	""	""	""	""	""	""	""	""	""	""	""	""	""	""	""	""	""	""	""	""	""	""	""	""	""	""	""	""	""	""	""	""	""	""	""	""	""	""	""	""	""	""	""	""	""	""	""	""	""	""	""	""	""	""	""	""	""	""	""	""	""	""	""	""	""	""	""	""	"507"	""	"511"	""	"514"	""	"516.2"	""	"520.31"	""	"524"	"524"	"529"	"1925"	"530.18"	"4185"	"533.0719"	"4405"	"530"	"530.34"	"535"	"5383"	"539.36"	"5677"	"477"	"6040"	"479"	"6081"	"558.57"	"6133"	"562.31"	"6461"	"488"	""
"鐩愬煄甯�"	"姹熻嫃鐪�"	"鐩愬煄甯�"	""	""	""	""	""	""	""	""	""	""	""	""	""	""	""	""	""	""	""	""	""	""	""	""	""	""	""	""	""	""	""	""	""	""	""	""	""	""	""	""	""	""	""	""	""	""	""	""	""	""	""	""	""	""	""	""	""	""	""	""	""	""	""	""	""	""	""	""	""	""	"481"	""	"484"	""	"488"	""	"493"	""	"501"	""	"539"	""	"515"	""	"519"	""	"520"	""	"521"	""	"521"	""	"523"	""	"525"	""	"527"	""	"528"	""	"530"	""	"531"	""	"531"	""	"531.01"	""	"531.61"	""	"532.79"	""	"471"	"470.55"	"474.15"	"1598"	"477.13"	"2677"	"478.2613"	"2886"	"479"	"478.65"	"481"	"3221"	"484"	"2353"	"425"	"2371"	"425"	"2418"	"489.36"	"2658"	"489.04"	"2232"	"427"	""
"鎵窞甯�"	"姹熻嫃鐪�"	"鎵窞甯�"	""	""	""	""	""	""	""	""	""	""	""	""	""	""	""	""	""	""	""	""	""	""	""	""	""	""	""	""	""	""	""	""	""	""	""	""	""	""	""	""	""	""	""	""	""	""	""	""	""	""	""	""	""	""	""	""	""	""	""	""	""	""	""	""	""	""	""	""	""	""	"705"	""	"713"	""	"717"	""	"723"	""	"730"	""	"738"	""	"744"	""	"748"	""	"749"	""	"751"	""	"270"	""	"755"	""	"670"	""	"672"	""	"673"	""	"674"	""	"679"	""	"680.31"	""	"682"	""	"683.77"	""	"684.79"	""	"688"	"687.84"	"691.35"	"2808"	"692.27"	"3344"	"693.08"	"2820"	"692"	"691.59"	"697"	"2818"	"698"	"2570"	"678"	"2582"	"643"	"2638"	"699.95"	"2628"	"699.44"	"2631"	"681"	""
"闀囨睙甯�"	"姹熻嫃鐪�"	"闀囨睙甯�"	""	""	""	""	""	""	""	""	""	""	""	""	""	""	""	""	""	""	""	""	""	""	""	""	""	""	""	""	""	""	""	""	""	""	""	""	""	""	""	""	""	""	""	""	""	""	""	""	""	""	""	""	""	""	""	""	""	""	""	""	""	""	""	""	""	""	""	""	""	""	"659"	""	"641"	""	"645"	""	"652"	""	"660"	""	"667"	""	"672"	""	"674"	""	"676"	""	"681"	""	"682"	""	"685"	""	"689"	""	"691"	""	"691"	""	"693"	""	"694"	""	"694"	""	"694.3"	""	"694.54"	""	"694.59"	""	"696"	"695.63"	"699"	"1747"	"699"	"1556"	"698.6504"	"1552"	"702"	"701.53"	"704"	"1577"	"707"	"1580"	"820"	"1577"	"823"	"1594"	"708.52"	"1598"	"708.33"	"1601"	"828"	""
"娉板窞甯�"	"姹熻嫃鐪�"	"娉板窞甯�"	""	""	""	""	""	""	""	""	""	""	""	""	""	""	""	""	""	""	""	""	""	""	""	""	""	""	""	""	""	""	""	""	""	""	""	""	""	""	""	""	""	""	""	""	""	""	""	""	""	""	""	""	""	""	""	""	""	""	""	""	""	""	""	""	""	""	""	""	""	""	"3584"	""	""	""	""	""	""	""	""	""	""	""	""	""	""	""	""	""	""	""	""	""	""	""	"857"	""	"858"	""	"861"	""	"866"	""	"866"	""	"869"	""	"870.33"	""	"869.73"	""	"868.19"	""	"866.05"	"866.05"	"869"	"1985"	"864"	"1769"	"864.0504"	"1643"	"869"	"869.38"	"872.04"	"1818"	"876.31"	"1910"	"800"	"1903"	"801"	"2198"	"878.71"	"2244"	"877.83"	"2277"	"803"	""
"瀹胯縼甯�"	"姹熻嫃鐪�"	"瀹胯縼甯�"	""	""	""	""	""	""	""	""	""	""	""	""	""	""	""	""	""	""	""	""	""	""	""	""	""	""	""	""	""	""	""	""	""	""	""	""	""	""	""	""	""	""	""	""	""	""	""	""	""	""	""	""	""	""	""	""	""	""	""	""	""	""	""	""	""	""	""	""	""	""	""	""	""	""	""	""	""	""	""	""	""	""	""	""	""	""	""	""	""	""	""	""	""	""	"612"	""	"571"	""	"578"	""	"584"	""	"591"	""	"597.12"	""	"600"	""	"604.63"	""	"609.47"	""	"613.14"	"613.14"	"619"	"1895"	"621.31"	"1918"	"624.8743"	"1886"	"632"	"631.91"	"639"	"2149"	"649"	"2381"	"561"	"2548"	"565"	"1798"	"681.3"	"1909"	"687.47"	"1987"	"572"	""
"鏉窞甯�"	"娴欐睙鐪�"	"鏉窞甯�"	""	""	""	""	""	""	""	""	""	""	""	""	""	""	""	""	""	""	""	""	""	""	""	""	""	""	""	""	""	""	""	""	""	""	""	""	""	""	""	""	""	""	""	""	""	""	""	""	""	""	""	""	""	""	""	""	""	""	""	""	""	""	""	""	""	""	""	""	""	""	"324"	""	"327"	""	"331"	""	"336"	""	"340"	""	"344"	""	"346"	""	"349"	""	"351"	""	"354"	""	"356"	""	"360"	""	"363"	""	"366"	""	"369"	""	"371"	""	"375"	""	"379"	""	"384"	""	"387.31"	""	"392.67"	""	"397.96"	"397.96"	"401.49"	"3490"	"405.13"	"3098"	"408.32"	"3164"	"671.89"	"411.77"	"524"	"3255"	"419.2"	"3336"	"422.74"	"3567"	"533"	"3762"	"431.28"	"3772"	"436.25"	"3527"	""	""
"瀹佹尝甯�"	"娴欐睙鐪�"	"瀹佹尝甯�"	""	""	""	""	""	""	""	""	""	""	""	""	""	""	""	""	""	""	""	""	""	""	""	""	""	""	""	""	""	""	""	""	""	""	""	""	""	""	""	""	""	""	""	""	""	""	""	""	""	""	""	""	""	""	""	""	""	""	""	""	""	""	""	""	""	""	""	""	""	""	"517"	""	"521"	""	"525"	""	"532"	""	"537"	""	"542"	""	"545"	""	"549"	""	"552"	""	"555"	""	"557"	""	"562"	""	"566"	""	"569"	""	"572"	""	"575"	""	"578"	""	"580"	""	"583"	""	"586.3"	""	"590.17"	""	"594.45"	"594.45"	"570.955"	"2701"	"575.14"	"2044"	"579"	"2085"	"582"	"581.66"	"585"	"2115"	"587"	"2192"	"588"	"2256"	"590"	"2342"	"595"	"2395"	"598"	"2444"	"602"	""
"娓╁窞甯�"	"娴欐睙鐪�"	"娓╁窞甯�"	""	""	""	""	""	""	""	""	""	""	""	""	""	""	""	""	""	""	""	""	""	""	""	""	""	""	""	""	""	""	""	""	""	""	""	""	""	""	""	""	""	""	""	""	""	""	""	""	""	""	""	""	""	""	""	""	""	""	""	""	""	""	""	""	""	""	""	""	""	""	"527"	""	"534"	""	"540"	""	"546"	""	"554"	""	"560"	""	"566"	""	"571"	""	"576"	""	"582"	""	"585"	""	"592"	""	"598"	""	"601"	""	"609"	""	"612"	""	"625"	""	"627"	""	"627"	""	"629.9"	""	"633.22"	""	"636.69"	"636.69"	"641.96"	"3485"	"648.82"	"3379"	"655.12"	"3140"	"488.83"	"660.93"	"667.57"	"2500"	"677.38"	"2535"	"673.92"	"2648"	"685.03"	"2641"	"674.42"	"2524"	"671.19"	"2270"	""	""
"鍢夊叴甯�"	"娴欐睙鐪�"	"鍢夊叴甯�"	""	""	""	""	""	""	""	""	""	""	""	""	""	""	""	""	""	""	""	""	""	""	""	""	""	""	""	""	""	""	""	""	""	""	""	""	""	""	""	""	""	""	""	""	""	""	""	""	""	""	""	""	""	""	""	""	""	""	""	""	""	""	""	""	""	""	""	""	""	""	"765"	""	"768"	""	"777"	""	"787"	""	"794"	""	"800"	""	"808"	""	"813"	""	"819"	""	"824"	""	"826"	""	"834"	""	"838"	""	"841"	""	"843"	""	"843"	""	"846"	""	"848"	""	"849"	""	"850.47"	""	"852.98"	""	"853.97"	"853.97"	"857.09"	"2888"	"860.31"	"2661"	"863.52"	"2672"	"260.87"	"867.43"	"872.54"	"3051"	"876.25"	"3322"	"880"	"3450"	"883.6"	"3619"	"889.25"	"3910"	"891.44"	"3742"	""	""
"婀栧窞甯�"	"娴欐睙鐪�"	"婀栧窞甯�"	""	""	""	""	""	""	""	""	""	""	""	""	""	""	""	""	""	""	""	""	""	""	""	""	""	""	""	""	""	""	""	""	""	""	""	""	""	""	""	""	""	""	""	""	""	""	""	""	""	""	""	""	""	""	""	""	""	""	""	""	""	""	""	""	""	""	""	""	""	""	"401"	""	"406"	""	"410"	""	"415"	""	"420"	""	"425"	""	"428"	""	"430"	""	"432"	""	"435"	""	"430"	""	"434"	""	"438"	""	"438"	""	"438"	""	"439"	""	"780"	""	"441"	""	"442"	""	"441.35"	""	"442.09"	""	"810"	"442.73"	"443.26"	"1405"	"443.11"	"1206"	"444.31"	"1254"	"391.73"	"445.46"	"862"	"1332"	"866"	"1327"	"858"	"1342"	"862"	"1355"	"865"	"1381"	"839"	"1408"	""	""
"缁嶅叴甯�"	"娴欐睙鐪�"	"缁嶅叴甯�"	""	""	""	""	""	""	""	""	""	""	""	""	""	""	""	""	""	""	""	""	""	""	""	""	""	""	""	""	""	""	""	""	""	""	""	""	""	""	""	""	""	""	""	""	""	""	""	""	""	""	""	""	""	""	""	""	""	""	""	""	""	""	""	""	""	""	""	""	""	""	"497"	""	"500"	""	"504"	""	"509"	""	"515"	""	"519"	""	"522"	""	"526"	""	"528"	""	"531"	""	"532"	""	"538"	""	"540"	""	"520"	""	"521"	""	"546"	""	"521"	""	"525"	""	"525"	"1625"	"525.48"	"1669"	"526.55"	"1738"	"527"	"527"	"527.5"	"3054"	"528.39"	"2966"	"529.38"	"2978"	"337.14"	"530.21"	"530.15"	"3120"	"532.96"	"3176"	"533.95"	"3449"	"533.47"	"2823"	"535.14"	"2919"	"535.09"	"2935"	""	""
"閲戝崕甯�"	"娴欐睙鐪�"	"閲戝崕甯�"	""	""	""	""	""	""	""	""	""	""	""	""	""	""	""	""	""	""	""	""	""	""	""	""	""	""	""	""	""	""	""	""	""	""	""	""	""	""	""	""	""	""	""	""	""	""	""	""	""	""	""	""	""	""	""	""	""	""	""	""	""	""	""	""	""	""	""	""	""	""	"389"	""	"371"	""	"375"	""	"379"	""	"384"	""	"388"	""	"389"	""	"392"	""	"394"	""	"395"	""	"396"	""	"400"	""	""	""	""	""	""	""	""	""	""	""	""	""	""	""	""	""	""	""	""	""	""	""	""	""	""	""	""	""	""	""	""	""	""	""	""	""	""	""	""	""	""	""
